69,69
1boy,1个男孩
1girl,1个女孩
about_to_be_raped,即将挨操
absurdres,超高分辨率
adjusting_thighhigh,拉扯丝袜
ahoge,动画风格呆毛
album,专辑
all_fours,四肢着地
anal_beads,肛门拉珠
anal_fisting,肛门拳交
anal_insertion,插入肛门
angel,天使
animated_gif,gif
apron,围裙
areolae,乳晕
arm_support,撑臂
armlet,金属臂环
armpit,腋
arms_behind_back,背手站立
arms_crossed,手交叉于胸前
arms_up,双手高举
aroused,发情
arrow,箭
artificial_vagina,仿生阴道
artist_request,作者未知
ass,屁股
babydoll,薄纱睡裙
back,背影
back-to-back,背靠背
bad_id,ID转向错误(原地址或已被删除)
ballgag,球塞
bandage,绷带
bandaid,创可贴
bangs,刘海
bat_wings,蝙蝠翅膀
bell,铃铛
belt,皮带
bent_over,撅屁股
beret,贝雷帽
bestiality,兽交
bike_shorts,骑行短裤
bikini,比基尼
bitgag,棍塞
black_eyes,黑眼
black_hair,黑发
black_thighhighs,黑色过膝袜
blonde_hair,金发
blood,鲜血元素
bloomers,传统灯笼裤
blue_eyes,蔚蓝眼瞳
blue_hair,蓝发
blunt_bangs,齐刘海
blush,面颊绯红
body_writing,身体彩绘文字
bondage,束缚系
bound_arms,手臂捆绑
bound_wrists,腕部束缚
bra,文胸
bracelet,细链手镯
braid,发辫
breast_feeding,喂奶（小）
breast_grab,摸乳
breast_smother,面部埋胸
breast_sucking,吸乳
brown_eyes,琥珀色瞳孔
brown_hair,栗色头发
building,建筑物
bunny_ears,兔耳
business_suit,商务正装
bust,半身像
butterfly_wings,蝴蝶翅膀
buttjob,臀交
cake,蛋糕
camera,相机
cane,手杖
cape,短款披风
caramelldansen,某著名伸手扭腰动作
cat_ears,猫耳
cat_pose,猫爪手势
censored,打码处理
cervix,子宫口
chains,锁链
chair,椅子
cheerleader,啦啦队服
cherry_blossoms,樱花飘落
chibi,Q版形象
chinadress,旗袍
Chinese,中文
chinese_clothes,中式服装
chopsticks,筷子
christmas,圣诞主题
cigarette,香烟
cleavage,乳沟
clitoris,阴蒂特写
cock_in_thighhigh,插在过膝袜里
cock_ring,屌环
collar,衣领
collarbone,锁骨特写
colorful,色彩斑斓的
comic,漫画风格
cosplay,COSPLAY
covr,封面
cowgirl_position,骑乘式女上位
crazy,狂气状态
cream,奶油
crease,起皱
cross-section,剖面透视
crotch_rope,股绳缚
crotch_rub,蹭裆
cuffs,手铐
cum_inside,内射
cum_on_breast,射在胸上
cum_on_food,射在食物上
cum_on_hair,发间精液
cunnilingus,舔阴行为
curly_hair,卷发
curtsy,屈膝礼
dagger,短刃
dakimakura,抱枕
dark,暗色调
dark_persona,黑化人格
deepthroat,深喉行为
devil,魔鬼（撒旦）
diaper,尿布装
dildo,按摩棒
dog_ears,犬耳特征
double_anal,双重爆菊
double_dildo,双头龙
double_penetration,双穴插入
double_vaginal,双重入穴
dress,连衣裙
drill_hair,钻头螺旋卷发
drunk,醉酒状态
earrings,耳环
egg_vibrator,跳蛋
endured_face,忍耐的表情
enema,灌肠
English,英文
expressionless,无表情
expressions,多表情展示
eyelid_pull,鬼脸扯眼皮
eyepatch,独眼眼罩
eyes_closed,闭眼
faceless_male,无面男体
facepaint,面彩
facesitting,坐在脸上
facial,面部射精特写
fangs,尖牙（兽人特徵）
fellatio,主动口交行为
female,女性
female_ejaculation,潮吹
fetal_position,胎儿蜷缩姿势
fine_art_parody,名画戏仿
finger_gun,手枪手势
fingerless_gloves,露指手套
fingersmile,手指笑脸
fishnet_pantyhose,鱼网连裤袜
fishnet_stockings,渔网袜
fisting,拳头插入
flower_petals,花瓣
foot,脚
footjob,足交
forest,森林场景
fox_ears,狐耳特征
French,法文
frogtie,蛙式捆绑
frown,蹙眉表情
fruit_insertion,用水果蔬菜
full_moon,满月场景
gag,口塞
game_cg,游戏CG
gangbang,轮奸
giantess,女巨人
girl_on_top,跨坐式女上位
gloves,手套
goggles,护目风镜
gohei,御币
gokkun,饮精
gothic,哥特风格
gothic_lolita,哥特洛丽塔
gradient_background,渐变背景
green_eyes,绿色眼眸
green_hair,绿发
grey_eye,灰眼
grey_hair,灰发
grin,咧嘴笑
guitar,吉他
gun,枪支
guro,猎奇
gym_uniform,运动校服
hair_ribbon,缎带发饰
hairband,发箍
hairclip,发夹
hairjob,发交
halloween,万圣节主题
halo,神圣光环
hand_to_mouth,手放在嘴边
handcuffs,手铐道具
handgun,手枪
handjob,手交动作
happy_sex,愉悦性爱
harem,后宫场景
have_to_pee,憋尿状态
heterochromia,虹膜异色
high_heels,高跟鞋
highres,高分辨率
hime_cut,姬发式发型
himopan,系带式内裤
hips,臀部
hitachi_magic_wand,震动按摩棒
hogtie,四马攒蹄绑法
holding,手持状态
holding_hands,牵手互动
hood,连帽设计
horns,兽角特征
hreesome,3P
hug,拥抱互动
huge_ass,肥臀
huge_filesize,超级高分辨率/大文件
incest,血缘乱伦
incredibly_absurdres,极高分辨率
insertion,插入物
Japanese,日本人
knee_boots,过膝长靴
kneeling,跪姿
kneepits,膝窝
lantern,提灯
lap_pillow,膝枕
leash,项圈牵引绳
leg_hug,抱腿
legwear,裹腿
lips,嘴唇
loli,萝莉
long_hair,长发
long_sleeves,长袖
looking_at_viewer,直视观众
looking_back,回眸
loose_socks,泡泡袜
low_leg_panties,低腰式内裤
lowleg_panties,低腰内裤
lowres,低分辨率
maebari,乳贴
magic_circle,魔法阵纹
magical_girl,魔法少女
maid,女仆装束
maid_headdress,女仆头饰
male,男性
mary_janes,玛丽珍鞋款
masturbation,自慰
mermaid,美人鱼形象
messy_hair,凌乱蓬松发型
microphone,麦克风设备
midriff,露脐装束
miko,巫女装束
milf,熟女
mini_top_hat,迷你高顶帽
minigirl,迷你女孩
miniskirt,超短裙款
missionary,传教士体位
molestation,性骚扰情节
monochrome,单色画面
monster,怪物形象
mound_of_venus,腹部三角带
mouse_ears,鼠耳装饰
multiple_insertions,一穴多插
muscle,肌肉
naked,淫荡裸体
naked_apron,真空围裙
naked_cape,裸披风
naked_overalls,裸体工装裤
naked_ribbon,裸体缎带
naked_shirt,裸穿衬衫
naughty_face,色气表情
navel,肚脐特写
necklace,项链饰品
necktie,领带造型
nipple_pull,扯乳头动作
nipple_suck,吸乳（中）
nipple_torture,虐乳头
nipples,乳头刻画
no_bra,无胸罩状态
nosebleed,鼻血喷涌
nude,艺术裸体
nun,修女装束
nurse_cap,护士帽
nyotaimori,女体盛
obento,便当
ocean,海洋场景
ofuda,御守符咒
on_stomach,趴伏姿势
open_clothes,衣襟敞开
open_robe,敞袍造型
optical_illusion,视觉错误
oral,广义口交行为
original,原创
paizuri,乳交
pajamas,睡衣套装
panty_gag,用内裤塞口
panty_pull,下拉内裤
pantyhose,连裤袜
pantyshot,内裤走光
payot,长鬓角
pegging,女性使用假屌
penetration,异物插入
pentagram,五角星图案
personification,拟人化
photo,照片
piano,钢琴元素
pillory,枷锁
pink_thighhighs,粉色过膝袜
pleated_skirt,百褶短裙
pointy_ears,尖耳朵
ponytail,高扎马尾发型
pregnant,怀孕状态
princess_carry,公主抱姿势
profile,侧身画像
pubic_hair,阴毛
purple_eyes,紫色瞳色
purple_hair,紫色头发
real,真实
red_eyes,红瞳
red_hair,红发
reverse_cowgirl,女上反骑
ring_gag,扩口器
robe,法袍
rolleyes,眼球上翻
rope,绳索
ruins,遗迹场景
sad,悲伤表情
sailor_collar,水手领
sake,清酒
saliva,垂涎
salute,敬礼姿势
santa,圣诞装
scarf,围巾
school_uniform,学生制服
seiza,正坐姿势
serafuku,日式水手服
shaved_pussy,剃过阴毛的（无毛B）
short_hair,短发
short_ponytail,短马尾
shorts,短裤
shota,正太角色
shy,羞涩低头神态
siblings,兄弟姐妹
side_ponytail,侧马尾
silhouette,剪影
silver_eyes,银眼
silver_hair,银发
sisters,姐妹关系
sitting,坐着
sketch,速写草稿
skinny,纤瘦体型
skirt_lift,掀裙摆动态
slave,奴隶身份标识
sleeping,睡眠状态
slippers,室内拖鞋
slit_pupils,竖瞳
smelling,嗅闻动作
socks,短袜
solo,单人
spanked,掌掴臀部
stare,凝视
stockings,丝袜
stocks,枷锁
straddle,跨坐
striped_panties,条纹内裤
striped_socks,条纹短袜
striped_thighhighs,条纹过膝袜
suit,成套西装
summer_dress,夏日长裙
sunset,黄昏景象
swimsuit,泳装款式
symmetrical_hand_pose,手对手
tagme,图片有一些上传者未知的项目
tail,兽尾特征
taiyaki,鲷鱼烧点心
tamakeri,蛋疼
tan_lines,晒日线
tapegag,胶带封口
tartan,格子花纹
tattoo,皮肤纹身
teacup,陶瓷茶杯
tears,泪水描绘
tentacle,触手
thigh_gap,大腿间缝隙
thighhighs,过膝长袜
thighs,大腿部位描绘
thong,丁字裤
tiara,冠状头饰
tie,领带
toes,足趾特写
tongue,吐舌动作
top-down_bottom-up,伏首翘臀
torn_clothes,破损衣物
torn_thighhighs,破损过膝袜
traditional_media,传统艺术媒介
translation_request,翻译
trap,伪娘
trefoil,三叶草屁股花纹
tribadism,磨豆腐
triple_penetration,三穴同插
tsurime,吊梢眼
twin_braids,双麻花辫
twintails,双马尾发型
umbrella,雨伞
uncensored,无码版本
underwater_sex,水中做爱
underwear,内衣
undressing,脱衣过程
uniform,制服
valentine,情人节元素
vampire,吸血鬼角色
very_long_hair,及地长发
vibrator,震动玩具
vibrator_in_thighhighs,过膝袜内藏跳蛋开关
virgin,处女/破瓜
voyeurism,偷窥癖
waitress,女服务员
wakamezake,阴部倒酒
wallpaper,壁纸
wand,魔杖
watercolor_(medium),水彩画风
waving,挥手动作
wavy_hair,波浪卷发
weapons,武器
wedding_dress,婚纱礼服
western,西部风格
wet,湿身状态
what,什么
white_eyes,白眼（无瞳孔）
white_hair,银白发
white_panties,白色内裤
white_thighhighs,白色过膝袜
wide_hips,宽胯
wince,痛苦蹙眉
wine,葡萄酒
wink,眨眼
wooden_horse,木马
wrist_cuffs,腕部装饰扣
wristband,运动腕带
w-sitting,割坐
yellow_eyes,金色瞳仁
yokozuwari,侧坐姿势
yukata,浴衣
yukkuri_shiteitte_ne,油库里（日式萌化馒头角色）
yuri,百合题材
zettai_ryouiki,绝对领域
zoom_layer,景深缩放效果
2k-tan,2K碳
1970s_(style),20世纪70年代(风格)
1980s_(style),20世纪80年代(风格)
1990s_(style),90年代(风格)
1boys,1个男性
1koma,单格漫画
1other,1个非人类
2boys,2个男性
2girls,2个女性
2koma,双分镜漫画
2others,2个非人类
39,ミクの日
3boys,3个男性
3girls,3个女性
3koma,三格漫画
4boys,4个男性
4girls,4个女性
4koma,四格漫画
5boys,5个男性
5girls,5个女性
5koma,五格漫画
6+boys,6个以上的男性
6+girls,6个以上的女性
abs,腹肌
absolutely_everyone,全员合影
abstract,抽象艺术
abstract_background,抽象背景
absurdly_long_hair,超长发
abuse,虐待
acoustic_guitar,木吉他
acrylic_paint_(medium),丙烯颜料质感
adapted_costume,改编版服装
adapted_uniform,改制制服
adjusting_clothes,整理衣物
adjusting_eyewear,调整眼镜
adjusting_gloves,整理手套
adjusting_hair,整理发型
adjusting_hat,整理帽子
adjusting_headwear,调整头饰
adjusting_legwear,调整裤袜
adjusting_panties,调整内裤
adjusting_swimsuit,调整泳装
aerial_fireworks,高空烟花
aestus_estus,原初之火（Fate尼禄武器）
afloat,漂浮状态
afro,爆炸头
after_anal,肛交后
after_fellatio,口交后
after_kiss,接吻后
after_paizuri,乳交后
after_sex,性事后
after_vaginal,阴道性交后
afterglow,事后余韵
afterimage,残影
against_glass,玻璃压痕
against_wall,墙边压迫
age_difference,年龄差
age_progression,年龄跨度
age_regression,幼态化
ahegao,阿黑颜
aiguillette,绶带装饰
aiming,瞄准动作
aiming_at_viewer,枪械瞄准观众
ainu_clothes,阿伊努服饰
air_bubble,气泡漂浮
air_conditioner,空调设备
aircraft,飞行器轮廓
airplane,飞机元素
airship,浮空艇
ajirogasa,编织斗笠
akanbe,鬼脸吐舌
akeome,新年贺图
alarm_clock,闹钟道具
albino,白化特征
album_cover,专辑封面风
alcohol,酒精元素
alien,外星生命体
alley,巷景背景
alolan_form,阿罗拉形态(宝可梦)
alpha_signature,阿尔法签名(推特用)
alphes_(style),阿尔法斯画风
alternate_breast_size,巨乳化/贫乳化
alternate_color,异色版本
alternate_costume,换装形态
alternate_eye_color,瞳色变化
alternate_form,形态切换状态
alternate_hair_color,发色变化
alternate_hair_length,发长变化
alternate_hairstyle,发型变体
alternate_headwear,头饰变体
alternate_legwear,下装变体
alternate_skin_color,肤色变体
alternate_weapon,武器变体
alternate_wings,羽翼变体
ambiguous_gender,性别模糊
america,美国
american_flag,星条旗元素
american_flag_bikini,星条旗比基尼
ammunition,弹药堆叠
ammunition_belt,弹药腰带
amplifier_(instrument),大音响
amputee,截肢
amulet,护符装饰
anal,肛门行为特写
anal_fingering,肛门指交
anal_hair,肛毛
anal_object_insertion,肛门插入
anal_tail,肛门尾塞
anchor,船锚元素
anchor_choker,船锚颈链
anchor_hair_ornament,船锚发饰
anchor_print,船锚印花
anchor_symbol,船锚标志
androgynous,中性气质
android,人造人
angel_and_devil,天使与恶魔
angel_wings,天使羽翼
anger_vein,暴怒青筋
anglerfish,灯笼鱼元素
angora_rabbit,安哥拉兔
angry,愤怒表情
anilingus,舔肛
animal,动物特征
animal_costume,兽装扮演
animal_ear_fluff,绒毛兽耳
animal_ears,兽耳属性
animal_focus,动物主体
animal_hat,兽形帽子
animal_hood,兽耳兜帽
animal_hug,动物环抱姿势
animal_on_head,头顶动物
animal_on_lap,膝上动物
animal_on_shoulder,肩头动物
animal_print,动物印花
animalization,兽化过程
anime_coloring,赛璐璐上色
ankh,☥
ankle_boots,短筒靴
ankle_lace-up,踝部系带
ankle_ribbon,踝部缎带
ankle_socks,船袜
ankle_strap,踝带设计
ankle_wrap,护踝绷带
anklet,脚链装饰
anniversary,周年纪念
announcement_celebration,贺图
annoyed,烦躁神情
antenna_hair,天线呆毛
antennae,触角结构
anti-materiel_rifle,反器材狙击
antique_firearm,古董枪械
antlers,鹿角头饰
anus,肛门器官特写
anus_peek,肛周显露
anzio_military_uniform,安齐奥军装（少战）
anzio_school_uniform,安齐奥校服
apple,苹果
applying_makeup,上妆过程
april_fools,愚人节主题
aqua_background,水色背景
aqua_bow,水色蝴蝶结
aqua_dress,水色连衣裙
aqua_eyes,水色瞳孔
aqua_hair,水色发系
aqua_legwear,水蓝色的裤袜
aqua_nails,水色美甲
aqua_neckwear,水蓝色领结
aqua_panties,水色内裤
aqua_ribbon,水色缎带
aqua_shirt,水色衬衫
aqua_skirt,水色短裙
aqua_theme,水色主题
aquarium,水族馆场景
arabian_clothes,阿拉伯服饰
arachne,蜘蛛身躯
araki_hirohiko_(style),荒木线画风
aran_sweater,阿兰毛衣
arched_back,弓腰姿势
archery,射箭动作
architecture,建筑背景
areola_slip,乳晕外露
argyle,菱形花纹
argyle_background,菱形背景
argyle_legwear,菱形纹袜
aria_company_uniform,亚利亚公司制服（绯弹）
arm_around_neck,勾颈动作
arm_around_waist,搂腰姿势
arm_at_side,垂臂站立
arm_behind_back,背手姿势
arm_behind_head,托头动作
arm_belt,臂环装饰
arm_blade,臂刃武器
arm_cannon,臂载炮
arm_garter,臂部吊带
arm_grab,抓住手臂
arm_guards,护臂装备
arm_held_back,反剪手臂
arm_hug,挽臂姿势
arm_ribbon,臂部缎带
arm_tattoo,臂部纹身
arm_under_breasts,托乳姿势
arm_up,单臂高举动作
arm_warmers,袖套装饰
arm_wrap,缠臂绷带
armband,臂章标识
armchair,扶手椅场景
armor,铠甲装束
armored_boots,金属战靴
armored_dress,铠装裙甲
armpit_crease,腋窝皱褶
armpit_cutout,露腋设计
armpit_hair,腋毛显露
armpit_peek,腋下微露
armpits,腋下特写
arms_around_neck,环颈拥抱
arms_at_sides,垂手站立
arms_behind_head,脑后交叉手臂
arms_under_breasts,双手托乳
army,军队元素
arrancar,破面(死神系列)
arrow_(projectile),箭矢道具
arrow_(symbol),箭头标志
art_brush,绘画笔触
art_nouveau,新艺术风格
artbook,美术集
artist_name,作者署名
artist_self-insert,画师自设
asa_no_ha_(pattern),麻叶纹样
ascot,领巾装饰
ashford_academy_uniform,阿什福特学院制服
asian,亚裔特征
asphyxiation,窒息表现
ass_cutout,臀部镂空
ass_focus,臀部焦点
ass_grab,抓臀动作
ass_shake,晃屁股
ass_support,托臀姿势
ass_visible_through_thighs,股间见臀
assault_rifle,突击步枪
assisted_exposure,强制曝露
ass-to-ass,臀臀相贴
asymmetrical_bangs,不对称刘海
asymmetrical_clothes,不对称服饰
asymmetrical_docking,非对称乳贴
asymmetrical_gloves,非对称手套
asymmetrical_hair,不对称发型
asymmetrical_horns,不对称角
asymmetrical_legwear,不对称下装
asymmetrical_sleeves,长短袖型
asymmetrical_wings,不对称翼
athletic_leotard,运动紧身衣
attack,攻击姿态
audible_music,有音乐
audible_speech,有人声
audience,观众视角
aura,灵气环绕
autobot,汽车人标志
autumn,秋季主题
autumn_leaves,秋叶飘落场景
axe,斧型武器
baby,婴儿
back_bow,背结装饰
back_cutout,露背剪裁
back_tattoo,背部纹身
backboob,背侧乳
background_text,背景文字
backless_dress,露背礼服
backless_outfit,露背套装
backlighting,逆光效果
backpack,双肩包
backpack_removed,卸下的包
back-print_panties,背面印花内裤
back-seamed_legwear,后缝丝袜
backwards_hat,反戴帽子
bad_anatomy,人体结构错误
bad_end,坏结局
bad_feet,足部画崩
bad_hands,手部画崩
bad_perspective,透视错误
bad_proportions,比例失调
badge,徽章元素
bag,手提箱包
bag_charm,包挂饰
bagged_fish,袋装金鱼
bags_under_eyes,黑眼圈
baguette,法棍面包
balancing,平衡姿势
bald,秃顶
ball,球形物体
ball_gag,口球
ballerina,芭蕾舞者
ballet_slippers,芭蕾舞鞋
balloon,气球道具
ballpoint_pen_(medium),圆珠笔触感
bamboo,竹元素
bamboo_broom,竹扫帚
bamboo_forest,竹林场景
bamboo_steamer,竹制蒸笼
banana,香蕉
band_uniform,乐团制服
bandage_on_face,面部绷带
bandage_over_one_eye,单眼绷带
bandaged_arm,缠绷带手臂
bandaged_hands,缠着绷带的手
bandaged_head,头部包扎
bandaged_leg,腿部绷带
bandages,绷带元素
bandaid_on_arm,手臂创可贴
bandaid_on_face,面部创可贴
bandaid_on_forehead,额头创可贴
bandaid_on_knee,膝盖创可贴
bandaid_on_leg,腿部创可贴
bandaid_on_nose,鼻梁创可贴
bandaid_on_pussy,阴部创可贴
bandaids_on_nipples,乳头创可贴
bandana,头巾
bandeau,抹胸式上衣
bandolier,子弹背带
bangle,宽版手镯
bangs_pinned_back,刘海后梳
baozi,包子
bar,酒吧
bar_censor,条形码遮挡
bara,筋肉系
barcode,条形码
barcode_tattoo,条形码纹身
bare_arms,裸臂
bare_back,裸背
bare_hips,裸胯
bare_legs,裸腿
bare_shoulders,露肩
bare_tree,枯木
barefoot,裸足
barefoot_sandals,裸足凉鞋
barrel,木制酒桶
bartender,调酒师
baseball,棒球运动
baseball_bat,棒球棍
baseball_cap,棒球帽
baseball_mitt,棒球手套
baseball_uniform,棒球队服
basket,藤篮
basketball,篮球
bass_clef,低音谱号
bass_guitar,贝斯吉他
bat,蝙蝠
bat_ears,蝙蝠耳
bat_hair_ornament,蝙蝠发饰
bat_print,蝙蝠图案
bath,沐浴
bath_stool,沐浴凳
bath_yukata,沐浴浴衣
bathing,入浴场景
bathroom,卫生间
bathtub,浴缸
baton,指挥棒
battle,战场厮杀场景
battle_axe,战斧武器
battle_rifle,战斗步枪
battleship,战列舰
bayonet,刺刀
bc_freedom_military_uniform,BC自由军装
bdsm,绑缚调教
beach,海滩场景
beach_chair,沙滩椅
beach_towel,沙滩浴巾
beach_umbrella,遮阳伞
beachball,沙滩球
bead_bracelet,串珠手链
bead_necklace,串珠项链
beads,串珠装饰
beam,光束
beam_rifle,光束步枪
beamed_eighth_notes,连音八分音符
beamed_sixteenth_notes,连音十六分音符
beanie,毛线帽
beans,豆类
bear,熊
bear_ears,熊耳
bear_hair_ornament,熊耳发饰
bear_panties,小熊内裤
bear_print,熊爪印花
beard,短款络腮胡
beckoning,招手姿势
bed,床铺
bed_sheet,床单
bedroom,卧室场景
beer,啤酒
beer_can,罐装啤酒
beer_mug,啤酒杯
behind-the-head_headphones,脑后式耳机
beige_background,米色背景
beige_sweater,米色毛衣
bell_choker,铃铛项圈
belly,腹部特写
belly_chain,脐部腰链
belly_grab,捏着肚子
belt_boots,系带长靴
belt_buckle,皮带扣环
belt_collar,皮带项圈
belt_pouch,腰挂包
beltbra,皮带束胸
beltskirt,皮带裙
bench,长椅
bendy_straw,弯曲吸管
bespectacled,戴眼镜的
between_breasts,乳沟视角
between_fingers,指间特写
between_legs,双腿间视角
between_thighs,腿缝特写
bib,围兜
bicycle,自行车
bicycle_basket,自行车篮
big_belly,大腹便便
big_hair,蓬松发型
biker_clothes,机车服
bikesuit,骑行服
bikini_armor,比基尼盔甲
bikini_aside,从三点剥开的比基尼
bikini_bottom,比基尼泳裤
bikini_lift,往上剥开的比基尼
bikini_pull,泳装拉扯
bikini_skirt,裙摆式泳装
bikini_tan,泳装晒痕
bikini_top,只穿着比基尼上衣
bikini_top_removed,脱下了比基尼上衣
bikini_under_clothes,内搭泳装
binoculars,双筒望远镜
bird,鸟类特征
bird_on_hand,掌中飞鸟
bird_on_head,头顶立鸟
bird_on_shoulder,肩驻飞鸟
bird_tail,尾羽装饰
biribiri,(哔哩哔哩)的电流
birthday,生日主题
birthday_cake,生日蛋糕
birthmark,胎记
bisexual_(female),双性恋(女性)
bishamonten's_pagoda,毘沙门天宝塔
bishamonten's_spear,毘沙门天之矛
bishop_(chess),主教棋
bishounen,美型少年
bit_gag,勒住嘴
bite_mark,咬痕
biting,咬
biwa_lute,唐琵琶
black_apron,黑色围裙
black_armor,黑色盔甲
black_background,黑色背景
black_belt,武术黑腰带
black_bikini,黑色比基尼
black_blindfold,黑色眼罩
black_blouse,黑色上衣
black_bodysuit,黑色紧身衣
black_border,黑色边框
black_bow,黑色蝴蝶结
black_bra,黑色文胸
black_camisole,黑色吊带背心
black_cape,黑色披风
black_capelet,黑色披肩
black_cardigan,黑色开口衬衫
black_cat,黑猫
black_choker,黑色项链
black_coat,黑色外套
black_coat_(kingdom_hearts),黑色外套(王国之心)
black_collar,黑色项圈
black_dress,黑色连衣裙
black_feathers,黑色羽毛
black_flower,黑色的花
black_footwear,黑色的鞋
black_gloves,黑色手套
black_hairband,黑色发带
black_hakama,黑色的袴
black_headband,头戴式黑饰带
black_headwear,黑色头饰
black_hoodie,黑色连帽衫
black_horns,黑色的角
black_jacket,黑色夹克
black_kimono,黑色和服
black_legwear,黑丝袜
black_leotard,黑色连身衣
black_nails,黑色指甲
black_neckwear,黑色领子
black_panties,黑色内裤
black_pants,黑色长裤
black_ribbon,黑色丝带
black_rose,黑玫瑰
black_sailor_collar,黑色水手领
black_scarf,黑色围巾
black_sclera,黑色巩膜（眼白）
black_scrunchie,黑色发圈
black_serafuku,黑色水手服
black_shirt,黑色衬衫
black_shorts,黑色短裤
black_skin,黑色皮肤
black_skirt,黑色短裙
black_sleeves,黑色袖子
black_suit,黑色西装
black_sweater,黑色毛衣
black_swimsuit,黑色泳衣
black_tail,黑色尾巴
black_tank_top,黑色无袖紧身背心
black_theme,黑色主题
black_umbrella,黑色的伞
black_vest,黑色背心
black_wings,黑色翅膀
black-framed_eyewear,黑框眼镜
blade,剑
blank_eyes,空白眼神
blank_speech_bubble,空白对话框
blank_stare,茫然凝视
blanket,毛毯
blazer,休闲西装外套
bleeding,流血状态
blindfold,遮眼
blinds,百叶窗
blinking,眨眼睛
blonde_pubic_hair,金色阴毛
blood_from_mouth,嘴角溢血
blood_on_face,面沾血迹
blood_splatter,血迹飞溅
blood_stain,血渍残留
bloody_clothes,衣服沾血
bloody_tears,血泪
bloody_weapon,沾血的武器
bloom,绽放
blouse,罩衫
blowing,吹气动作
blue_armor,蓝色盔甲
blue_background,蓝色背景
blue_belt,蓝色饰带
blue_bikini,蓝色比基尼
blue_blouse,蓝色上衣
blue_bodysuit,蓝色紧身衣
blue_bow,蓝色蝴蝶结
blue_bra,蓝色胸罩
blue_buruma,运动蓝短裤
blue_butterfly,蓝色蝴蝶
blue_cape,短款蓝斗篷
blue_capelet,短款蓝披肩
blue_cardigan,蓝色开襟衫
blue_choker,蓝色项圈
blue_coat,蓝色外套
blue_dress,蓝色洋装
blue_fire,蓝色的火焰
blue_flower,蓝色的花
blue_footwear,蓝色鞋类
blue_gloves,蓝色手套
blue_hairband,蓝色发箍
blue_hakama,蓝色的袴
blue_headband,发带式头饰（蓝）
blue_headwear,蓝色头饰
blue_hoodie,蓝色卫衣
blue_horns,蓝色的角
blue_jacket,蓝色夹克
blue_kimono,蓝色和服
blue_legwear,蓝色紧身裤
blue_leotard,蓝色连体衣
blue_nails,蓝色指甲
blue_neckwear,蓝色的领饰
blue_panties,蓝色内裤
blue_pants,蓝色长裤
blue_ribbon,蓝色丝带
blue_rose,蓝玫瑰
blue_sailor_collar,蓝色水手领
blue_sarong,蓝色纱笼
blue_scarf,蓝色围巾
blue_scrunchie,蓝色发圈
blue_serafuku,蓝色水手服
blue_shirt,蓝色衬衫
blue_shorts,常规蓝短裤
blue_skin,蓝色皮肤
blue_skirt,蓝色短裙
blue_sky,蔚蓝晴空背景
blue_sleeves,蓝色袖子
blue_sweater,蓝色毛衣
blue_swimsuit,蓝色泳衣
blue_theme,蔚蓝主题
blue_vest,马甲背心（蓝）
blue_wings,蓝色翅膀
blueberry,蓝莓元素
blue-framed_eyewear,蓝框眼镜
blur_censor,模糊打码
blurry,模糊的
blurry_background,虚化背景
blurry_foreground,前景虚化
blush_stickers,腮红贴纸
boar,野猪
board_game,桌游
boat,小型船只
bob_cut,波波头
bobby_socks,波比袜
body_blush,肌肤泛红
body_hair,体毛
bodypaint,人体彩绘
bodystocking,连体丝袜
bodysuit,紧身衣
bodysuit_under_clothes,打底连体衣
bokeh,散景效果
bokken,木剑
bokura_wa_ima_no_naka_de,《如今的我们》
bolo_tie,波洛领带
bolt_action,栓动式
bomb,炸弹
bomber_jacket,飞行员夹克
bondage_outfit,拘束装
bone,骨骼
bone_hair_ornament,骨制发饰
boned_meat,带骨肉块
bonnet,女式软帽
book,书籍
book_hug,抱着书
book_stack,书堆
bookbag,书包
bookmark,书签
bookshelf,书架
boots,长靴
boots_removed,脱下的靴子
border,边框
bored,无聊的
borrowed_character,角色借用
borrowed_design,设计借鉴
borrowed_garments,男友的衣服
bottle,瓶子
bottomless,下半身裸露
bouncing_breasts,乳摇
bound,受缚状态
bound_legs,腿部束缚
bouquet,花束
bow,蝴蝶结
bow_(instrument),弦类乐器
bow_(weapon),弓箭
bow_bikini,蝴蝶结比基尼
bow_bra,蝴蝶结文胸
bow_hairband,蝴蝶结发带
bow_legwear,蝴蝶结袜饰
bow_panties,蝴蝶结内裤
bowing,鞠躬
bowl,碗
bowl_cut,锅盖头
bowl_hat,碗型帽
bowtie,领结
box,箱子
boxcutter,美工刀
boxers,拳击短裤
boxing_gloves,拳击手套
boy_on_top,男上位
bra_lift,胸罩上推
bra_peek,胸罩边缘显露
bra_pull,胸罩下拉
bra_removed,摘下的胸罩
bra_strap,肩带外露
bra_through_clothes,透过衣服可以看到胸罩
bracer,皮质护腕
braided_bangs,编发刘海
braided_bun,盘辫发髻
braided_ponytail,编织马尾
branch,树枝
brand_name_imitation,名牌仿制品
bread,面包
breast_bondage,胸部束缚
breast_conscious,胸部羞怯态
breast_curtains,乳帘
breast_envy,胸部自卑情结
breast_expansion,巨乳化
breast_hold,抱着胸部
breast_lift,胸部托举
breast_padding,胸垫
breast_pocket,乳房口袋
breast_poke,戳胸动作
breast_press,胸部挤压
breast_rest,胸部倚靠
breast_slip,胸罩滑落
breast_squeeze,从两侧挤胸
breast_suppress,手压胸部
breast_tattoo,胸部纹身
breastless_clothes,露胸装
breastplate,胸甲
breasts,乳房
breasts_apart,双乳外摊
breasts_on_glass,玻璃乳印
breasts_on_head,胸压头部
breasts_outside,露出的乳房
breath,呼吸
breathing_fire,喷火
brick,砖块
brick_wall,砖砌墙面
bridal_gauntlets,新娘长手套
bridal_veil,新娘头纱
bride,新娘
bridge,桥
briefcase,公文包
briefs,平角内裤
bright_pupils,明眸
broken,破损的
broken_glass,玻璃碎渣
broken_horn,断折犄角
broken_weapon,破损武器
brooch,胸针
broom,扫帚
broom_riding,骑扫帚飞行
brother_and_sister,兄与妹
brothers,兄弟同框
brown_background,棕色背景
brown_belt,棕色腰带
brown_bikini,棕色比基尼
brown_bow,棕色蝴蝶结
brown_cape,棕色披风
brown_cardigan,棕色开衫
brown_coat,棕色大衣
brown_dress,棕调连衣裙
brown_footwear,棕色鞋履
brown_gloves,棕皮质手套
brown_hairband,棕丝发带
brown_headwear,棕色头饰
brown_jacket,棕夹克外套
brown_kimono,棕色和服
brown_legwear,棕色的裤袜
brown_neckwear,棕色领饰
brown_panties,棕调内裤
brown_pants,棕褐色长裤
brown_ribbon,深棕缎带
brown_sailor_collar,棕水手领巾
brown_scarf,棕色围巾
brown_shirt,棕色衬衫
brown_shorts,棕调短裤
brown_skirt,棕格纹短裙
brown_sweater,棕色毛衣
brown_theme,棕色调主题
brown_vest,棕马甲
brown-framed_eyewear,棕框眼镜
bruce_lee's_jumpsuit,李小龙款连身衣
bruise,瘀伤
brush,刷子
brushing_teeth,刷牙场景
bubble,气泡元素
bubble_blowing,吹泡泡动作
bubble_skirt,泡泡裙
bubble_tea,珍珠奶茶
bubble_tea_challenge,无手喝奶茶挑战
buck_teeth,兔牙特征
bucket,水桶
buckle,皮带扣
budget_sarashi,绷带裹胸
bukkake,多人颜射场景
bulge,裆部隆起
bullet,子弹
bullpup,无托式枪械
bullying,霸凌
bun_cover,发包装饰
bunching_hair,抓握发束
bunny,兔子
bunny_costume,兔子服装
bunny_girl,兔娘|兔女郎
bunny_hair_ornament,兔子饰品
bunny_hood,兔耳帽
bunny_pose,兔耳pose
bunny_print,兔子图案
bunny_tail,兔尾巴
burn_scar,烧伤疤痕
burning,燃烧特效
burnt_clothes,焦黑衣物
bursting_breasts,爆乳溢出
buruma,日式灯笼裤
buruma_aside,内裤侧拉
buruma_pull,内裤半褪
bus,公交巴士
bus_stop,公交站台
bush,灌木丛
bustier,无肩带胸衣
butler,执事装
butt_crack,臀缝显露
butt_plug,肛门塞
butterfly,蝴蝶元素
butterfly_hair_ornament,蝶形发饰
butterfly_net,捕蝶网
butterfly_print,蝴蝶印花
butterfly_sitting,蝴蝶栖身
button_badge,纽扣徽章
button_eyes,纽扣眼画风
button_gap,衣襟微敞
buttons,纽扣元素
cabbie_hat,帽檐扛肩
cabinet,橱柜式储物柜
cable,电缆
cactus,仙人掌
cafe,咖啡馆
cage,笼子
cake_slice,切块蛋糕
calendar_(medium),日历（画面元素）
calendar_(object),日历（实体道具）
calligraphy_brush,毛笔
calligraphy_brush_(medium),中号毛笔
camcorder,手持摄像机
camellia,山茶花
cameltoe,骆驼趾
cameo,客串镜头
camisole,吊带背心
camouflage,迷彩纹样
can,罐装物
candle,蜡烛
candlestand,烛台
candy,糖果
candy_apple,苹果糖
candy_cane,拐杖糖
cannon,加农炮
can't_be_this_cute,俺妹元素
canvas_(object),画布
capelet,短斗篷
capri_pants,七分裤
car,汽车
car_interior,车内场景
card,卡片
card_(medium),卡片（画面元素）
card_parody,卡牌恶搞
cardboard_box,纸箱
cardigan,开襟毛衣
caressing_testicles,抚弄睾丸
carpet,铺地式地毯
carrot,胡萝卜
carrot_hair_ornament,胡萝卜发饰
carrot_necklace,胡萝卜项链
carrying,抱起
carrying_over_shoulder,肩扛
carrying_under_arm,夹在腋下
cart,载货推车
cartridge,弹夹
casing_ejection,子弹抛壳
cast,包扎着绷带
castle,城堡
casual,私服
casual_one-piece_swimsuit,休闲连体泳装
cat,猫
cat_boy,猫系男子
cat_costume,猫系服装
cat_cutout,胸部开口出猫头剪影的服装
cat_day,猫之日
cat_ear_headphones,猫耳式耳机
cat_ear_panties,猫耳造型内裤
cat_girl,猫娘
cat_hair_ornament,猫系发饰
cat_hat,猫耳帽子
cat_hood,猫耳兜帽
cat_lingerie,猫系内衣
cat_on_head,头上趴着猫
cat_paws,猫爪
cat_print,猫元素印花
cat_tail,猫尾巴
cat_teaser,逗猫
catchphrase,标志性台词
caterpillar_tracks,履带结构
caught,被抓现行
caustics,焦散效果
caution_tape,警戒线
cave,洞穴场景
cd,CD光盘
ceiling,天花板
ceiling_light,顶灯
cellphone,手机
cellphone_picture,手机相片
centaur,半人马
center_frills,中央褶边
center_opening,中开襟服装
chain,链条
chain_necklace,链式项链
chain-link_fence,铁丝网围栏
chainsaw,电锯
chaldea_uniform,迦勒底制服
chalk,粉笔
chalkboard,黑板
champagne,香槟酒
champagne_flute,香槟杯
chandelier,枝形吊灯
chaps,皮护腿
character_censor,角色遮挡
character_doll,角色玩偶
character_name,角色名称标注
character_print,角色印花
character_profile,角色资料卡
character_sheet,人设表
character_signature,角色签名
charm_(object),魔力信物
chart,图表
chasing,追逐场景
chat_log,聊天记录样式
cheating,出轨
checkerboard_cookie,棋盘格饼干
checkered,方格图案
checkered_background,棋盘格背景
checkered_floor,棋盘格地板
checkered_kimono,格子纹和服
checkered_neckwear,格子领口
checkered_scarf,棋盘格围巾
checkered_shirt,棋盘格衬衫
checkered_skirt,格子裙
cheek_bulge,脸颊鼓胀
cheek_pinching,捏脸
cheek_poking,戳脸颊
cheek_pull,拉扯脸颊
cheek-to-cheek,贴面姿势
cheering,欢呼场景
cheese,奶酪
chef,厨师形象
chef_hat,厨师帽
chef_uniform,厨师工装
chemise,女士衬裙
cherry,樱桃
cherry_blossom_print,樱花印花
chess_piece,棋子
chest,胸部
chest_hair,胸毛
chest_jewel,胸饰宝石
chest_of_drawers,五斗柜
chest_tattoo,胸口纹身
chestnut_mouth,栗形噘嘴
chewing_gum,嚼口香糖
chibi_inset,插入Q版插图
chick,雏鸟
chicken,鸡
chi-hatan_military_uniform,知波单军装（少女与战车）
child,儿童
child_drawing,儿童画作
child_on_child,孩童互动
chimney,烟囱
chin_grab,抬下巴
chin_rest,托着下巴
chin_strap,下巴系带
chin_stroking,摸下巴
china_dress,旗袍
chinese_text,中文字符
chinese_zodiac,生肖图案
chips,薯片
chocolate,巧克力
chocolate_bar,巧克力块
chocolate_heart,心形巧克力
chocolate_on_breasts,乳酪巧克力
choker,颈圈
choko_(cup),清酒杯（猪口杯）
christmas_lights,圣诞灯串
christmas_tree,圣诞树
chromatic_aberration,色散特效
church,教堂场景
cigar,雪茄
circle,圆形构图
circle_cut,圆形剪裁
circle_name,社团署名
circlet,额饰
city,城市
city_lights,都市霓虹
cityscape,都市景观
classroom,教室场景
claw_(weapon),兽爪武器
claw_pose,兽爪手势
claws,兽爪特征
cleaning,清扫场景
cleavage_cutout,深V剪裁
cleave_gag,封口布
cleaver,斩骨刀
cleft_of_venus,蜜缝
clenched_hand,握拳
clenched_hands,双手紧握姿态
clenched_teeth,咬紧牙关
cliff,悬崖场景
climbing,攀爬动作
clipboard,剪贴板
clitoral_hood,阴蒂包皮
clitoral_stimulation,玩弄阴蒂
clitoris_piercing,阴蒂穿刺
cloak,长款斗篷
clock,钟表元素
clock_tower,钟楼建筑
clone,克隆体
closed_eyes,闭目
closed_fan,折扇
closed_mouth,抿嘴
closed_umbrella,收合伞
close-up,特写镜头
cloth,布料材质
clothed_animal,着衣兽
clothed_female_nude_female,衣女裸女
clothed_female_nude_male,衣女裸男
clothed_male_nude_female,衣男裸女
clothed_masturbation,着衣自慰
clothed_pokemon,着衣宝可梦
clothed_sex,着衣性交
clothes,服饰
clothes_around_waist,围腰衣物
clothes_between_breasts,衣襟夹乳
clothes_between_thighs,股间夹衣
clothes_down,褪衣状态
clothes_grab,抓衣动作
clothes_hanger,衣架道具
clothes_lift,掀衣
clothes_pull,扯衣
clothes_removed,脱下的衣服
clothes_theft,盗衣场景
clothes_tug,拽衣
clothes_writing,文字印花衣
clothesline,晾衣绳
cloud,云朵元素
cloud_hair,云絮状发型
cloud_print,云纹印花
cloudy_sky,阴天背景
clover,三叶草
clover_hair_ornament,幸运草发饰
club,棍棒
club_(shape),梅花符号
coat,大衣
coattails,燕尾服
coca-cola,可口可乐
cockpit,驾驶舱
cocktail,鸡尾酒
cocktail_dress,鸡尾酒会短裙
cocktail_glass,马天尼杯
coffee,咖啡元素
coffee_cup,咖啡杯
coffee_mug,咖啡马克杯
coffin,棺椁
coin,钱币
coke-bottle_glasses,瓶底眼镜
cold,寒冷表现
collage,拼贴风格
collared_blouse,翻领短衫
collared_dress,领口连衣裙
collared_jacket,领口夹克
collared_shirt,领口衬衫
color_connection,色彩关联
color_guide,色板
color_trace,线稿
colored_eyelashes,彩色睫毛
colored_inner_hair,内层挑染发色
colored_pencil_(medium),彩铅画风
colored_pubic_hair,彩色阴毛特徵
colored_stripes,多彩条纹
column,立柱结构
column_lineup,立绘排列
comb,梳子道具
combat_boots,军靴
come_hither,勾指动作
comforting,安抚场景
command_spell,令咒（Fate）
company_connection,企业联动
company_name,版权方署名
comparison,对比构图
competition_school_swimsuit,竞技泳装
competition_swimsuit,竞赛泳衣
computer,计算机设备
concept_art,概念艺术
condensation_trail,飞机云
condom,避孕套
condom_in_mouth,口衔避孕套
condom_on_penis,戴套肉棒
condom_packet_strip,避孕套条包装
condom_wrapper,避孕套包装纸
confession,告白场景
confetti,彩纸纷飞
consensual_tentacles,自愿触手Play
constellation,星宿图案
constricted_pupils,瞳孔收缩
contemporary,现代风格
contrapposto,对立平衡姿势
controller,控制器
convenience_store,便利店场景
convenient_arm,遮挡手臂
convenient_censoring,便捷式创意打码
convenient_leg,遮挡腿部
cookie,曲奇饼
cooking,烹饪场景
cooler,冷藏箱
copyright,版权
copyright_name,版权标记
coral,珊瑚元素
corded_phone,有线电话
corn,玉米
corpse,尸体
corruption,恶堕
corset,束腰
costume,戏服
costume_switch,换装
cotton_candy,絮状棉花糖
couch,沙发家具场景
countdown,倒计时
counter,吧台
couple,情侣
cousins,表亲关系
cover,封面图
cover_image,封面图片
cover_page,扉页
covered_collarbone,半露锁骨
covered_eyes,蒙眼
covered_face,遮脸
covered_mouth,掩口
covered_navel,半露脐
covered_nipples,透点激凸
covering,遮盖的动作
covering_ass,遮臀
covering_breasts,掩胸
covering_crotch,遮裆
covering_eyes,遮住眼睛
covering_face,掩面
covering_mouth,挡住嘴巴
covering_nipples,遮乳首
cow,奶牛元素
cow_ears,牛耳
cow_girl,奶牛少女
cow_horns,牛角装饰
cow_print,奶牛纹
cow_tail,牛尾
cowboy_boots,牛仔靴
cowboy_hat,牛仔帽
cowboy_shot,膝上构图
crab,螃蟹
crack,裂纹
craft_essence,概念礼装
crane_(machine),起重机
crate,木箱
cravat,男式领巾
crazy_eyes,狂气眼神
creator_connection,作者联动
creature,幻兽种
creature_and_personification,兽人化
credits_page,版权页
crepe,可丽饼
crescent,新月符号
crescent_earrings,月牙耳饰
crescent_hair_ornament,新月发饰
crescent_moon,弦月
crescent_rose,月刃玫瑰（RWBY武器）
criss-cross_halter,交叉挂脖
crop_top,露脐短上衣
crop_top_overhang,衬衫悬垂
cropped_jacket,截短夹克
cropped_legs,截腿构图
cropped_shirt,露脐衬衫
cropped_torso,半身构图
cropped_vest,短款马甲
cross,十字架
cross_earrings,十字耳钉
cross_hair_ornament,十字发饰
cross_necklace,十字项链
cross_print,十字印花
crossbow,弩
crossdressing,伪娘装扮
crossed_ankles,足踝交叠
crossed_arms,抱臂姿势
crossed_bangs,交叉刘海
crossed_legs,二郎腿
cross-laced_clothes,交叉系带服饰
cross-laced_footwear,交叉绑带鞋
crossover,联动作品
crosswalk,斑马线
crotch,胯部特写
crotch_plate,护裆甲
crotch_seam,裆缝线
crotchless,开裆式
crotchless_panties,开裆内裤
crow,乌鸦
crowd,人群背景
crown,王冠
crown_braid,皇冠编发
crying,哭泣表情
crying_with_eyes_open,睁眼落泪
crystal,水晶元素
crystal_ball,水晶球
crystal_earrings,水晶耳坠
crystal_hair,晶化发丝
cube,立方体
cucumber,黄瓜
cuddling,依偎姿势
cum,精液
cum_in_ass,肛内射精
cum_in_mouth,口内射精
cum_in_pussy,膣内射精
cum_on_ass,臀上精液
cum_on_body,体表精液
cum_on_boy,射在男性身上
cum_on_breasts,乳上精液
cum_on_clothes,衣襟精渍
cum_on_lower_body,射在下半身上
cum_on_pussy,阴部精液
cum_on_self,自体射精
cum_on_stomach,腹部精液
cum_on_tongue,舌面精液
cum_on_upper_body,射在上半身
cum_pool,精液积潭
cum_string,精液拉丝
cum_while_penetrated,射在后庭里
cumdrip,精液垂滴
cup,杯具
cup_ramen,杯面
cupcake,纸杯蛋糕
cupless_bra,无罩杯胸衣
curled_horns,卷曲犄角
curry,咖喱
curry_rice,咖喱饭
cursor,光标
curtains,窗帘
curtsey,屈膝礼
curvy,曲线身姿
cushion,靠垫
cute_&_girly_(idolmaster),甜美少女风（偶像大师）
cutoffs,毛边短裤
cuts,切割伤
cutting_board,砧板
cutting_hair,剪发场景
cyberpunk,赛博朋克
cyborg,义体人
cyclops,独眼巨人
cyrillic,斯拉夫文
daisy,雏菊元素
dakimakura_(object),抱枕（实体物品）
damaged,战损破损状态
dancer,舞者形象
dancing,舞蹈动作
dandelion,蒲公英
dangerous_beast,《危险的野兽》FGO礼装
dango,日式团子
danmaku,弹幕射击
dappled_sunlight,树影斑驳
dark_areolae,深色乳晕
dark_aura,暗黑气场
dark_blue_hair,黛蓝发色
dark_elf,暗夜精灵
dark_nipples,深色乳头
dark_penis,深色肉棒
dark_skin,褐色肌肤
darkness,暗幕效果
dated,日期标注
day,白昼时段
death,死亡主题
debris,残骸碎片
debt,债务标注
decepticon,霸天虎（变形金刚）
deep_penetration,深插入体
deep_skin,指缝溢肉
deer,鹿元素
defeat,败北姿态
demon,恶魔形象
demon_boy,恶魔少年
demon_girl,魅魔
demon_horns,恶魔犄角
demon_tail,恶魔尾
demon_wings,恶魔翼
denim,牛仔布料
denim_shorts,牛仔短裤
denim_skirt,牛仔短裙
depth_of_field,景深效果
desert,荒漠场景
desk,书桌道具
desk_lamp,台灯光源
dessert,甜品元素
destruction,破坏场景
detached_collar,假领装饰
detached_sleeves,分体袖设计
detached_wings,离体翅膀
diadem,额饰王冠
diagonal_bangs,斜分刘海
diagonal_stripes,斜纹
diagonal-striped_neckwear,斜纹领结
diamond_(gemstone),钻石
diamond_(shape),菱形几何
diamond_(symbol),菱形(符号)
dice,骰子道具
different_reflection,镜像异化
diffraction_spikes,星芒特效
digital_dissolve,数字消散
digital_media_player,数位播放器
dimples_of_venus,腰窝特写
dinosaur,恐龙元素
dirndl,巴伐利亚裙
dirty,脏污状态
dirty_clothes,污损衣物
dirty_face,面部污渍
dirty_feet,足部污垢
disembodied_head,离首表现
disembodied_limb,断肢描绘
disembodied_penis,离体肉棒
disposable_cup,一次性杯
dissolving,溶解效果
dissolving_clothes,溶衣表现
diving,潜水动作
diving_mask,潜水镜
diving_mask_on_head,头戴潜水面罩
dixie_cup_hat,纸杯帽
dock,港口码头场景
doctor,医师装束
dog,犬元素
dog_collar,狗项圈
dog_girl,犬耳少女
dog_tags,狗牌
dog_tail,犬尾装饰
doggystyle,四肢着地后入
doily,蕾丝垫纹样
doll,人偶化
doll_hug,抱着玩偶
doll_joints,球形关节
dolphin,海豚元素
dolphin_shorts,海豚裤
dominatrix,女王属性
domino_mask,半面罩
donation_box,募捐箱
don't_say_"lazy",《don't_say_"lazy"》
door,门扉元素
dot_nose,圆点鼻
dotted_line,虚线元素
double_bun,双丸子头
double_handjob,双手侍奉
double_v,啊嘿颜比V
double_vertical_stripe,双竖条纹
double-breasted,双排扣设计
doughnut,甜甜圈
dougi,武道服
doujin_cover,同人本封面
doujinshi,同人志
dove,白鸽元素
downblouse,衣领走光
dowsing_rod,占卜杖
doyagao,嚣张表情
d-pad,方向键
d-pad_hair_ornament,方向键发饰
dragging,拖拽动作
dragon,龙元素
dragon_girl,龙角少女
dragon_horns,龙角装饰
dragon_tail,龙尾特征
dragon_wings,龙翼
dragonfly,蜻蜓元素
draph,牛角族（碧蓝幻想）
drawer,抽屉道具
drawing,绘画
drawing_bow,张弓动作
drawing_tablet,数位板
drawr,源drawr不可寻
drawstring,束口抽绳
dreaming,梦境描绘
dress_bow,裙装蝴蝶结
dress_lift,提裙动作
dress_pull,扯领口
dress_removed,脱下裙子
dress_shirt,正装衬衫
dress_tug,压裙摆
dressing,更衣场景
dressing_another,帮他人穿衣
drill,钻头元素
drink,饮品道具
drinking,饮用动作
drinking_glass,玻璃杯
drinking_straw,吸管
dripping,液体垂滴
driving,驾驶场景
drone,无人机
drooling,垂涎状态
drop_shadow,投影效果
dropping,物品掉落
drugs,药品元素
drum,鼓乐器
drum_(container),圆桶容器
drum_set,架子鼓
drumsticks,鼓棒
drying,烘干动作
drying_hair,拭发动作
dual_persona,双重人格
dual_wielding,双持武器
duck,鸭子元素
dudou,肚兜
duel,决斗场景
duel_monster,决斗怪兽
duffel_bag,旅行袋
duffel_coat,粗呢大衣
dumbbell,哑铃
dusk,黄昏时段
dust,扬尘效果
dust_cloud,尘土飞扬
duster,除尘掸
dutch_angle,倾斜构图
dvd_cover,DVD封面
eagle,鹰
ear_biting,咬耳动作
ear_blush,耳尖泛红
ear_piercing,耳洞
ear_protection,护耳装置
ear_tag,耳标
earbuds,入耳式耳机
earmuffs,保暖耳罩
earphones,头戴式耳机
ears,多双耳朵
ears_down,垂耳
ears_through_headwear,透耳头饰
easel,画架
east_asian_architecture,东亚建筑风格
easter_egg,彩蛋元素
eastern_dragon,东方龙
eating,进食动作
egasumi,工霞（刀剑乱舞）
egg,蛋
eggplant,茄子
egyptian,埃及风格
egyptian_clothes,埃及服饰
ehoumaki,惠方卷（日本节分）
eighth_note,八分音符
ejaculation,射精
elbow_gloves,肘部长手套
elbow_pads,护肘
electric_fan,电风扇
electric_guitar,电吉他
electric_socket,插座
electricity,电流特效
elephant,大象元素
elf,精灵
elite_four,四天王
ema,绘马
embarrassed,尴尬脸红表情
embellished_costume,华服装饰
embers,余烬粒子
emblem,徽章纹样
emerald_(gemstone),翡翠(宝石)
emphasis_lines,强调动线
empty_eyes,虚无眼神
energy_ball,能量球体特效
energy_gun,能量枪械
energy_sword,能量光刃
english_text,英文文本
engrish_text,日式英语文本
enmaided,女仆装扮
enpera,乌贼鳍发型（围巾束发）
envelope,信封道具
epaulettes,肩章装饰
epic,壮丽且经典的故事(的同人)
eraser,橡皮擦
erect_clitoris,阴蒂勃起
erection,勃起状态
erection_under_clothes,帐篷效应
eromanga,色情漫画
error,有问题的作画
erune,埃尔鲁族（碧蓝幻想）
evening,黄昏时分
evening_gown,晚宴拖地长裙
everyone,全员集合
evil_grin,邪气狞笑
evil_smile,诡秘微笑
excessive_cum,精液过量
excessive_pubic_hair,浓密阴毛
exercise,健身动作
exhibitionism,暴露癖好
explosion,爆炸场景
explosive,爆炸物
expression_chart,表情差分图
expressive_clothes,动态服饰
expressive_hair,飘逸发丝
extra,衍生角色(形象)
extra_arms,多臂形态
extra_ears,额外耳部
extra_eyes,复眼结构
extra_mouth,额外口器
eye_contact,对视镜头
eye_of_horus,荷鲁斯之眼
eyeball,眼球特写
eyebrows,眉毛
eyebrows_behind_hair,挡在头发下的眉毛
eyebrows_visible_through_hair,透过头发可以看到的眉毛
eyelashes,睫毛细节
eyeliner,眼线描绘
eyepatch_bikini,眼罩式泳装
eyepatch_removed,摘眼罩
eyes,眼睛
eyes_visible_through_hair,发隙明眸
eyeshadow,眼影晕染
eyewear_on_head,顶戴眼镜
eyewear_removed,摘眼镜
face,脸部
faceless,无面特征
faceless_female,无面女体
facepalm,扶额无奈
face-to-face,脸贴脸
facial_hair,面部须发
facial_mark,面纹
facial_tattoo,面颊刺青
facing_another,相向而立
facing_away,背对镜头
facing_viewer,直面观者
failure,败北状态
fairy,小仙子
fairy_wings,精灵羽翼
fake_animal_ears,仿真兽耳
fake_cover,伪官方封面
fake_facial_hair,假络腮胡
fake_horns,装饰犄角
fake_mustache,假八字胡
fake_screenshot,伪游戏截图
fake_tail,仿真尾饰
fake_wings,装饰翼
falchion_(fire_emblem),法尔西昂圣剑（火焰之纹章）
fallen_down,倒地姿态
falling,坠落动态
falling_leaves,动态落叶纷飞
falling_petals,落英缤纷
family,家族群像
family_crest,家纹
fan,扇子|电风扇
fang,虎牙
fang_out,露齿笑
fanny_pack,腰包
fantasy,奇幻风格
fashion,时尚元素
fat,丰腴体态
fat_man,肥胖男性
fat_mons,肥屄
father_and_daughter,父与女
father_and_son,父与子
faucet,龙头道具
faulds,裙甲（盔甲部件）
faux_figurine,仿手办画风
faux_traditional_media,仿传统媒介效果
feather_boa,羽饰披肩
feathered_wings,羽毛翅膀细节
feathers,羽毛元素
feather-trimmed_sleeves,羽饰袖口
fedora,软呢礼帽
feeding,喂食动作
feet,足部全景
feet_out_of_frame,足部出画
feet_up,翘足姿态
fellatio_gesture,模拟口交手势
female_orgasm,女性高潮
female_pervert,痴女
female_pov,女性主观视角
femdom,女王攻属性
fence,篱笆场景
ferret,雪貂
ferris_wheel,摩天轮场景
festival,祭典氛围
fff_threesome,百合三人行
ffm_threesome,两女一男3P
fictional_persona,原创人物
field,原野场景
fiery_wings,烈焰之翼
fighter_jet,战斗机
fighting,近身打斗动作
fighting_stance,格斗架势
figure,手办模型
film_grain,胶片颗粒质感
fine_fabric_emphasis,织物细节刻画
finger_biting,咬手指
finger_in_another's_mouth,指探他口
finger_in_mouth,手指伸进嘴里
finger_on_trigger,扣扳机手势
finger_sucking,吮指动作
finger_to_mouth,指抵唇边
fingering,指交动作
fingering_through_clothes,隔衣爱抚
fingernails,指甲细节
fingers,手指
fingers_together,手指并拢
fins,鳍状装饰
fire,火焰元素
fireflies,萤火虫群
fireplace,壁炉场景
fireworks,烟花特效
firing,射击动作
fish,鱼类元素
fish_girl,鱼人少女
fish_hair_ornament,鱼形发饰
fish_print,鱼纹印花
fisheye,鱼眼镜头
fishing,垂钓场景
fishing_rod,钓竿
fishnet_legwear,渔网袜
fishnets,鱼网装束
flaccid,疲软状态
flag,旗帜元素
flag_print,旗帜纹样
flail,梿枷
flame,火焰
flame_print,火焰纹印花
flaming_eye,炎瞳
flapping,拍打动作
flashback,闪回画面
flashing,走光场景
flashlight,手电筒
flask,锥形瓶
flat_ass,扁平臀部
flat_cap,鸭舌帽
flat_chest,贫乳特征
flat_chest_grab,抓捏贫乳
flat_color,平涂上色
flats,纯色平面背景
fleeing,逃逸姿态
fleur_de_lapin_uniform,点兔女仆装（请问您今天要来点兔子吗）
flexible,柔韧体态
flexing,肌肉展示
flip_phone,翻盖手机
flip-flops,人字拖
flipped_hair,外翻发型
floating,悬浮状态
floating_hair,飞扬发丝
floating_island,浮空岛
floating_object,浮游物
flock,群集效果
floor,地板材质
floppy_ears,垂软兽耳
floral_background,花卉背景
floral_print,碎花图案
flower,花卉元素
flower_(symbol),花卉符号
flower_bracelet,花饰手链
flower_earrings,花卉耳钉
flower_field,花海场景
flower_knot,花结
flower_necklace,花项链
fluffy,绒毛质感
flustered,羞窘神态
flute,长笛
flying,飞行状态
flying_kick,飞踢动作
flying_sweatdrops,汗珠飞溅
foam,泡沫特效
fog,雾霭效果
folded,折叠双腿露阴
folded_ponytail,盘卷马尾
folding_chair,折叠椅
folding_fan,折纸扇道具
food,食物元素
food_in_mouth,口含食物
food_on_body,体表食物
food_on_face,面沾食物
food_print,食物印花
food_stand,小吃摊
foot_out_of_frame,单足出画
footprints,足迹
forced_orgasm,强制高潮
forehead,额部特写
forehead_jewel,额饰宝石
forehead_kiss,亲吻额头
forehead_mark,额间印记
forehead_protector,护额（火影忍者）
forehead-to-forehead,额抵额
foreshortening,透视缩短
foreskin,包皮细节
fork,餐叉
formal,正装风格
fountain,喷泉场景
four-leaf_clover,四叶草
fourth_wall,第四面墙
fox,狐狸元素
fox_girl,狐娘
fox_mask,狐面
fox_shadow_puppet,手影狐形
fox_tail,狐尾
framed_breasts,乳沟框显
freckles,雀斑皮肤
freediving,自由潜水
french_braid,法式发辫
french_flag,法国国旗元素
french_fries,薯条
french_kiss,舌吻
french_text,法语文本
fried_egg,煎蛋
friends,友人共演
frilled_apron,花边围裙
frilled_bikini,花边比基尼
frilled_bow,花边蝴蝶结
frilled_bra,花边胸罩
frilled_capelet,花边短披风
frilled_choker,花边项圈
frilled_collar,花边衣领
frilled_dress,花边连衣裙
frilled_gloves,花边手套
frilled_hairband,花边发带
frilled_kimono,花边和服
frilled_legwear,花边的裤袜
frilled_panties,花边内裤
frilled_ribbon,花边缎带
frilled_shirt,花边衬衫
frilled_shirt_collar,花边衬衫领
frilled_skirt,花边短裙
frilled_sleeves,花边袖
frilled_swimsuit,花边泳衣
frills,花边元素
fringe_trim,流苏饰边
frog,青蛙元素
frog_girl,蛙娘
frog_hair_ornament,青蛙发夹
from_above,俯拍视角
from_behind,背后视角
from_below,仰拍视角
from_outside,室外视角
from_side,侧拍视角
front_ponytail,前扎马尾
front_zipper_swimsuit,前拉链泳衣
front-print_panties,正面印花内裤
front-tie_bikini,从正面打结的比基尼
front-tie_top,前结上衣
frottage,摩擦快感
frozen,冰冻状态
fruit,水果元素
frying_pan,煎锅
fucked_silly,失神高潮
full_armor,全副铠甲
full_body,全身像
full_nelson,双腿折叠背锁
full-face_blush,满脸通红
full-length_zipper,通长拉链
full-package_futanari,完全双性扶她
fume,气得冒烟(含一定漫画元素)
fundoshi,兜裆布
fur,毛皮
fur_boots,毛皮靴
fur_coat,毛皮大衣
fur_collar,毛皮领
fur_hat,毛皮帽
fur_trim,毛皮镶边
furisode,振袖和服
furry,兽人角色
fur-trimmed_boots,毛皮饰靴
fur-trimmed_cape,毛皮镶边披风
fur-trimmed_capelet,毛皮短披肩
fur-trimmed_coat,毛皮饰边大衣
fur-trimmed_dress,毛皮饰边连衣裙
fur-trimmed_gloves,毛皮手套
fur-trimmed_hood,毛皮风帽
fur-trimmed_jacket,毛皮饰边夹克
fur-trimmed_legwear,毛皮腿饰
fur-trimmed_skirt,毛皮短裙
fur-trimmed_sleeves,毛皮袖饰
fusion,融合形态
futa_with_female,扶她与女性
futa_with_futa,扶她与扶她
futa_with_male,扶她与男性
futanari,扶她角色
futasub,扶她受方
futon,日式被褥
fuuin_no_tsue,封印之杖（魔卡少女樱）
gagged,被塞口
gakuran,日本男生立领制服
game_console,游戏主机
game_controller,游戏手柄
gamepad,手柄式操控器
gameplay_mechanics,游戏机制元素
ganguro,黑皮辣妹
gap_(touhou),隙间（东方Project）
gaping,张开阴部/肛门
garden,花园
garreg_mach_monastery_uniform,加尔格·马可修道院制服（《火焰之纹章》）
garrison_cap,船形军帽
garter_belt,吊袜腰带
garter_straps,吊袜带
garters,吊带袜的袜带
gas_mask,全面罩防毒装备
gate,门
gathers,衣褶
gatling_gun,加特林机枪
gauntlets,金属护手
gears,齿轮
gem,宝石
gem_uniform_(houseki_no_kuni),宝石之国制服
gen_1_pokemon,第1代口袋妖怪
gen_2_pokemon,第2代口袋妖怪
gen_3_pokemon,第3代口袋妖怪
gen_4_pokemon,第4代口袋妖怪
gen_5_pokemon,第5代口袋妖怪
gen_6_pokemon,第6代口袋妖怪
gen_7_pokemon,第7代口袋妖怪
gen_8_pokemon,第8代口袋妖怪
genderswap,性别转换
genderswap_(ftm),男体化
genderswap_(mtf),女体化
german_clothes,德式服装
german_flag,德国国旗
german_flag_bikini,德国国旗比基尼
german_text,德文
germany,德国
geta,木屐
ghost,幽灵
ghost_tail,灵体尾巴
giant,巨人
gift,礼物
gift_bag,礼品袋
gift_box,礼物盒
gigantic_breasts,超巨型乳房
girl_sandwich,双女夹击体位
giving,给予
giving_up_the_ghost,灵魂出窍
glaive,长柄刀
glaring,怒视
glass,玻璃
glasses,眼镜
glint,眼神闪光
globe,地球仪
glomp,冲击飞扑拥抱
gloom_(expression),忧郁表情
gloves_removed,脱下手套
glowing,发光特效
glowing_eye,单眼发光
glowing_eyes,双眼发光
glowing_weapon,发光武器
glowstick,打Call棒
goatee,山羊胡须
goblin,哥布林
goddess,女神
goggles_around_neck,颈挂护目镜
goggles_on_head,头顶护目镜
goggles_on_headwear,帽饰护目镜
gold,金色
gold_armor,黄金铠甲
gold_chain,金链
gold_trim,金边装饰
goldfish,金鱼
golf_club,高尔夫球杆
good_end,圆满结局
gorget,护颈甲
gourd,葫芦
gown,长礼服
grabbing,抓握动作
grabbing_another's_ass,抓臀
grabbing_another's_hair,扯发
grabbing_from_behind,背后抓胸
grabbing_own_ass,自抓臀部
gradient,(身体或肢体)倾斜
gradient_hair,渐变色发型
gradient_sky,渐变色天空
graffiti,涂鸦艺术
grapes,葡萄
graphite_(medium),石墨绘画
grass,草地
grave,墓碑
graveyard,墓地场景
greaves,护腿胫甲
green_background,绿色背景
green_bikini,绿色比基尼
green_bodysuit,绿色连体衣
green_bow,绿色蝴蝶结
green_bra,绿色胸罩
green_cape,绿色披风
green_choker,绿色颈饰
green_coat,绿色外套
green_dress,绿色连衣裙
green_footwear,绿色鞋类
green_gloves,绿色手套
green_hairband,绿发带
green_hakama,绿色袴
green_headwear,绿色头饰
green_jacket,绿色夹克
green_kimono,绿色和服
green_legwear,绿色的裤袜
green_leotard,绿色紧身连体衣
green_nails,绿色指甲
green_neckwear,绿色的领结
green_panties,绿色内裤
green_pants,绿色长裤
green_ribbon,绿色缎带
green_sailor_collar,绿色水手领
green_scarf,绿色长围巾
green_shirt,绿色衬衫
green_shorts,绿色短裤
green_skin,绿色皮肤
green_skirt,绿色短裙
green_sweater,绿色毛衣
green_swimsuit,绿色的泳衣
green_tea,绿茶
green_theme,绿色主题
green_vest,绿色马甲
green_wings,绿色翅膀
green-framed_eyewear,绿框眼镜
grenade,手雷
grenade_launcher,榴弹发射器
grey_background,灰色背景
grey_bikini,灰色比基尼
grey_bow,灰色蝴蝶结
grey_cardigan,灰色开衫
grey_coat,灰色大衣
grey_dress,灰色连衣裙
grey_eyes,灰色瞳孔
grey_footwear,灰色鞋履
grey_gloves,灰色手套
grey_headwear,灰色头饰
grey_hoodie,灰色连帽卫衣
grey_jacket,灰色夹克
grey_legwear,灰色的裤袜
grey_neckwear,灰色的领结
grey_panties,灰色内裤
grey_pants,灰色长裤
grey_ribbon,灰色缎带
grey_sailor_collar,灰色水手领
grey_shirt,灰色衬衣
grey_shorts,灰色短裤
grey_skin,灰色皮肤
grey_skirt,灰色短裙
grey_sleeves,灰色袖口
grey_sweater,灰色毛衣
grey_theme,灰色主题
grey_vest,灰色马甲
greyscale,黑白画面
grill,烤架（场景元素）
grimace,痛苦扭曲表情
grimoire,魔导书
grimoire_of_alice,爱丽丝魔导书（东方Project）
grinding,素股
groceries,食材杂货
grocery_bag,超市购物袋
groin,胯部
groin_tendon,腹股沟肌腱
groping,猥亵动作
ground_vehicle,地面载具
group_hug,多人拥抱
group_name,团体名称（文字标签）
group_sex,群交
g-string,高腰细绳丁字裤
guided_breast_grab,引导揉胸
guided_penetration,引导插入
guitar_case,吉他盒
gunblade,枪刃
gusset,三角布
gyaru,辣妹风格
gym_leader,体操队队长
gym_shirt,健身运动背心
gym_shorts,运动短裤
gym_storeroom,体育器材室
h&k_hk416,HK416突击步枪
habit,修士袍/修女服
hachimaki,缠头布
hadanugi_dousa,袒露上身动作
hagoita,日式毽子板
hagoromo,天女羽衣
hair_beads,串珠发饰
hair_behind_ear,耳后发丝
hair_bell,发间铃铛
hair_between_eyes,目间垂发
hair_bobbles,发绳装饰
hair_bow,蝴蝶结发饰
hair_brush,梳子（手持道具）
hair_brushing,梳头
hair_bun,丸子头/发髻
hair_censor,发丝遮挡乳头
hair_cubes,捆发珠
hair_down,披发状态
hair_flaps,飘动发尾
hair_flip,撩发动作用
hair_flower,发间花朵装饰
hair_grab,抓着头发
hair_in_mouth,嘴里有头发
hair_intakes,进气口式发型（科幻元素）
hair_ornament,发饰
hair_over_breasts,长发覆胸
hair_over_eyes,遮眼发帘
hair_over_one_eye,单眼遮发
hair_over_shoulder,披肩长发
hair_pull,扯着头发
hair_pulled_back,后梳发型
hair_rings,发环式发髻
hair_scrunchie,弹性发圈
hair_slicked_back,大背头造型
hair_spread_out,发散状发丝
hair_stick,通用发簪
hair_strand,强调一缕一缕感的发型|发丝
hair_tie,发绳
hair_tie_in_mouth,口衔发绳
hair_tubes,束发套管
hair_tucking,挽发动作
hair_twirling,手指绕发
hair_up,高盘发造型
hairdressing,美发场景
hairlocs,脏辫
hairpin,发钗造型
hairpods,蓝牙耳机状发饰
hakama,日式袴裤
hakama_skirt,袴裙
hakurei_reimu_(cosplay),博丽灵梦cosplay
halberd,方天画戟
half_gloves,半掌手套
half_updo,半扎发造型
half-closed_eye,半睁单眼
half-closed_eyes,迷离眼神
halftone,网点效果
halftone_background,网点背景
halloween_costume,万圣节装扮
halter_dress,挂颈连衣裙
halter_top,吊带式的上身的服饰
halterneck,挂颈式设计
hamaya,破魔箭
hammer,战锤道具
hammer_and_sickle,锤镰标志
hamster,仓鼠元素
hanasakigawa_school_uniform,花咲川学园制服
hanbok,朝鲜服饰
hand_between_breasts,手放在胸前
hand_between_legs,手置腿间
hand_gesture,手势语言
hand_in_another's_hair,抚弄他人发丝
hand_in_hair,手埋在头发里
hand_in_panties,手探入内裤
hand_in_pocket,插袋动作
hand_mirror,手持镜
hand_net,捕虫网道具
hand_on_another's_cheek,捧脸杀
hand_on_another's_chest,抚胸动作
hand_on_another's_chin,托下巴动作
hand_on_another's_face,抚面动作
hand_on_another's_head,摸头杀
hand_on_another's_shoulder,扶肩
hand_on_another's_stomach,他人腹触动作
hand_on_ass,手放在屁股上
hand_on_head,手放在头上
hand_on_headwear,扶帽动作
hand_on_hilt,握剑柄姿势
hand_on_hip,手叉着腰|手搁在腰上
hand_on_own_cheek,托腮动作
hand_on_own_chest,按胸动作
hand_on_own_chin,托腮沉思姿势
hand_on_own_face,掩面动作
hand_on_own_knee,扶膝动作
hand_on_own_stomach,自抚腹部动作
hand_on_shoulder,手放在肩上
hand_over_own_mouth,掩嘴动作
hand_puppet,手偶道具
hand_to_own_mouth,手触嘴唇
hand_under_shirt,探衣动作
hand_up,举手姿势
handbag,手挽提包
handheld_game_console,掌机
handkerchief,手帕道具
hands,手|双手
hands_clasped,双手手指交叉|双手紧握
hands_in_opposite_sleeves,袖里藏手
hands_in_pockets,双手插袋
hands_on_another's_cheeks,双手捧脸
hands_on_another's_face,捧脸动作
hands_on_another's_shoulders,双手搭肩
hands_on_ass,托臀支撑动作
hands_on_feet,抱脚姿势
hands_on_headwear,双手扶帽
hands_on_hilt,双手握柄
hands_on_hips,双手叉腰|双手搁在腰上
hands_on_lap,膝上交叠双手
hands_on_own_cheeks,双手托腮
hands_on_own_chest,自抚胸口动作
hands_on_own_face,双手掩面
hands_on_own_head,抱头抓发动作
hands_on_own_knees,扶膝姿势
hands_on_own_stomach,双手抚腹
hands_on_own_thighs,自按大腿动作
hands_on_shoulders,搭肩姿势
hands_together,双手合十|自己的双手碰一起
hands_up,双手举起
handstand,倒立姿势
hanetsuki,板羽球运动
hanfu,汉服
hanging,悬挂状态
hanging_breasts,垂乳描写
hanten_(clothes),日式短外褂
haori,羽织外套
happi,传统祭典法被
happy,开心表情
happy_birthday,生日祝福
happy_halloween,万圣节祝福
happy_new_year,新年祝福
happy_tears,喜极而泣
happy_valentine,情人节祝福
harem_outfit,舞姬服饰
harem_pants,哈伦裤
harness,束缚背带
harp,竖琴道具
harpy,鹰身女妖
harvin,哈比族（《FF12》种族）
hat,帽子
hat_bow,帽饰蝴蝶结
hat_feather,帽羽装饰
hat_flower,帽上花朵
hat_ornament,帽饰
hat_over_one_eye,单眼遮帽
hat_removed,帽子被摘下|摘下帽子
hat_ribbon,帽饰缎带
hat_tip,扶帽檐动作
hat_with_ears,兽耳帽
hatchet,短斧
hatching_(texture),排线纹理
hatsune_miku_(cosplay),初音未来cosplay
hauchiwa,天狗团扇
hawaiian_shirt,夏威夷衬衫
head,头
head_back,仰头动作
head_between_breasts,埋胸描写
head_bump,头上肿包
head_down,低头姿势
head_fins,鳍状头饰
head_mounted_display,戴着头戴显示设备
head_out_of_frame,头部出框
head_rest,倚靠头部
head_scarf,围巾式包头巾
head_tilt,歪头动作
head_wings,头翼装饰
head_wreath,头戴花环
headband,发带
headdress,华丽头饰
headgear,功能性头饰
headless,无头角色
headphones,耳机
headphones_around_neck,颈挂耳机
headpiece,装饰头饰
headset,头戴耳麦
heads-up_display,HUD
headwear,头饰(偏衣物类)
headwear_removed,头饰被摘下|摘下头饰
health_bar,血条UI
heart,爱心元素
heart_ahoge,爱心状呆毛
heart_background,爱心背景
heart_censor,爱心遮挡
heart_choker,爱心颈圈
heart_cutout,爱心镂空
heart_earrings,爱心耳环
heart_hair_ornament,爱心发饰
heart_hands,比心手势
heart_hands_duo,双人比心
heart_in_eye,爱心瞳孔
heart_in_mouth,口含爱心
heart_lock_(kantai_collection),舰娘爱心锁
heart_necklace,爱心项链
heart_of_string,绳结爱心
heart_pasties,心形乳贴
heart_pillow,心形枕头
heart_print,心形印花
heart_tail,心形尾饰
heart_tattoo,心形纹身
heartbeat,心跳特效
heart-shaped_box,心形礼盒
heart-shaped_eyewear,心形镜框
heart-shaped_lock,心形挂锁
heart-shaped_pupils,心形瞳孔
heavy_breathing,剧烈喘息
heckler_&_koch,黑克勒-科赫武器
height_difference,身高差构图
helicopter,直升机
helm,全盔装备
helmet,头盔
helmet_removed,摘下头盔|被摘下的头盔
henshin,变身动作
heroic_spirit_festival_outfit,英灵节日装
heroic_spirit_traveling_outfit,英灵旅装
hetero,异性性行为
hexagon,六边形元素
hexagram,六芒星符号
hibiscus,扶桑花装饰
hidden_face,没有露脸|被挡住的脸
hiding,躲藏动作
high_collar,高领设计
high_contrast,高对比画风
high_heel_boots,高跟长靴
high_kick,高踢腿动作
high_ponytail,高马尾发型
highleg,高开衩款式
highleg_bikini,高开衩比基尼
highleg_leotard,高胯连体衣
highleg_panties,高开衩内裤
highleg_swimsuit,高开衩泳装
highlights,挑染
high-waist_skirt,高腰半身裙
hikarizaka_private_high_school_uniform,光坂高校校服
hikimayu,古典引眉妆
hill,山丘场景
hip_bones,髋骨轮廓
hip_focus,臀部曲线强调
hip_vent,侧胯镂空设计
hirschgeweih_antennas,八木天线
hishaku,柄杓
hitodama,磷火元素
hits,点击量、阅览数、关注数(贺图)
hitting,击打动作
holding_animal,动物托举姿势
holding_arrow,搭箭动作
holding_axe,持斧姿势
holding_bag,手提包袋
holding_ball,持球动作
holding_basket,提篮动作
holding_book,捧书姿势
holding_bottle,握瓶动作
holding_bouquet,手持花束
holding_bow_(weapon),持弓战斗姿势
holding_bowl,端碗动作
holding_box,搬箱姿势
holding_breath,屏息表情
holding_broom,扫帚持拿
holding_camera,手持相机
holding_can,握易拉罐
holding_candy,拿糖果
holding_card,持卡姿势
holding_cat,抱猫动作
holding_chopsticks,执筷动作
holding_cigarette,叼烟姿势
holding_clothes,拎衣物
holding_condom,持避孕套
holding_cup,端杯姿势
holding_dagger,反握匕首
holding_doll,手持人偶
holding_eyewear,拿着眼镜|正在摘眼镜
holding_fan,执扇动作
holding_flag,举旗姿势
holding_flower,拈花动作
holding_food,端食物
holding_fork,持餐叉
holding_fruit,托水果盘
holding_gift,捧礼物盒
holding_gun,持枪姿势
holding_hair,撩发动作
holding_hat,拿帽子
holding_head,捧头动作
holding_helmet,夹头盔
holding_innertube,拿着泳圈
holding_instrument,执乐器
holding_knife,持刀姿势
holding_leaf,捏树叶
holding_lollipop,含棒棒糖
holding_mask,拿面具
holding_microphone,握麦克风
holding_needle,持缝衣针
holding_own_foot,握自己脚踝
holding_paintbrush,执画笔
holding_panties,拎内裤
holding_paper,持文件
holding_pen,握钢笔
holding_pencil,执铅笔
holding_phone,手机持握状态
holding_pillow,抱枕头
holding_pipe,拿着烟斗
holding_pizza,托披萨盒
holding_plate,端餐盘
holding_poke_ball,持精灵球
holding_pokemon,抱宝可梦
holding_polearm,执长柄兵器
holding_sack,负包裹
holding_scythe,扛镰刀
holding_sheath,执剑鞘
holding_shield,持盾防御
holding_shoes,提鞋子
holding_sign,举指示牌
holding_spear,手持长矛
holding_spoon,执汤匙
holding_staff,持法杖
holding_strap,拉吊带
holding_stuffed_animal,抱着毛绒玩具
holding_stylus,持触控笔
holding_sword,持剑姿势
holding_syringe,握注射器
holding_towel,拿毛巾
holding_tray,端托盘
holding_umbrella,撑雨伞
holding_underwear,拎内衣
holding_wand,执魔杖
holding_weapon,持械状态
holding_whip,执鞭动作
holly,冬青装饰
hologram,全息影像
holographic_interface,全息操作界面
holster,枪套武装带
homu,吼姆梗
homurahara_academy_uniform,穗群原学园制服
honey,蜂蜜元素
honeycomb_(pattern),蜂巢纹样
honeycomb_background,蜂巢背景
hood_down,垂放兜帽
hood_up,戴兜帽
hooded_cape,连帽披风
hooded_cloak,连帽斗篷
hooded_coat,连帽大衣
hooded_jacket,连帽夹克
hooded_sweater,连帽毛衣
hooded_track_jacket,连帽运动外套
hoodie,连帽衫
hoop,环形物
hoop_earrings,圆环耳饰
hooves,蹄足特征
horizon,地平线构图
horizontal_pupils,横条瞳孔
horizontal_stripes,水平条纹
horn_bow,角弓武器
horn_ornament,犄角装饰
horn_ribbon,角系缎带
horned_headwear,角状头饰
horned_helmet,角盔
horns_through_headwear,透帽角
horror_(theme),恐怖主题
horse,马匹元素
horse_ears,马耳特征
horse_girl,马娘角色
horse_tail,低垂马尾辫
horseback_riding,骑乘姿势
hose,软管道具
hospital_bed,病床场景
hot,燥热状态
hot_dog,热狗食物
houndstooth,千鸟格纹
hourglass,沙漏道具
house,房屋场景
how_to,教程图示
hug_from_behind,背后环抱
huge_ahoge,巨型呆毛
huge_breasts,丰满巨乳
huge_nipples,巨乳头
huge_penis,巨根
huge_weapon,巨型武器
humanization,拟人化表现
humiliation,羞辱play
hungry,饥饿状态
husband_and_wife,夫妻
hydrangea,绣球花元素
hypnosis,催眠状态
ice,冰元素
ice_cream,冰淇淋
ice_cream_cone,甜筒冰淇淋
ice_cube,立方体冰块
ice_wings,冰晶翅膀
icing,糖霜装饰
id_card,证件
identity_censor,面部打码
idol,偶像角色
if_they_mated,跨角色后代假想
imagining,幻想场景
imminent_kiss,即将接吻
imminent_rape,即将强奸
imminent_sex,正要进行性行为
imminent_vaginal,即将阴道插入
imp,小恶魔
impaled,穿刺play
implied_futanari,隐藏扶她特征
implied_sex,遮挡性交
implied_yuri,暗示女同
impossible_bodysuit,人体彩绘式紧身衣
impossible_clothes,超现实衣料
impossible_dress,液态紧身裙
impossible_leotard,液态连体衣
impossible_shirt,超贴合衬衫
impossible_swimsuit,彩绘泳装
impregnation,授精场景
in_box,箱中少女
in_bucket,桶中play
in_container,容器囚禁
in_cup,杯中角色
in_food,在食物中
in_the_face,颜面冲击
incoming_food,投喂动作
incoming_gift,递送礼物
incoming_kiss,索吻姿势
index_finger_raised,竖食指
indian_style,跏趺坐
indoors,室内场景
infinity,无穷|无限符号
inflatable_raft,充气船
inflatable_toy,充气玩具
inflation,腹部膨胀
injury,创伤表现
ink,墨渍元素
ink_tank_(splatoon),斯普拉遁墨罐
inline_skates,直排轮滑
innertube,游泳圈
insect,昆虫
insect_wings,虫翼特征
inset,画中画构图
insignia,部队徽章
instant_loss_2koma,即堕2格漫画
instrument,乐器元素
instrument_case,乐器箱
interface_headset,神经连接装置
interlocked_fingers,十指相扣
internal_cumshot,内射剖面
interracial,跨种族性爱
interspecies,异种交合
intravenous_drip,输液吊瓶
inverted_nipples,内陷乳头
invisible_chair,空气椅子
invisible_penis,隐去肉棒
iron_cross,铁十字勋章
irrumatio,强制深喉
is_that_so,so-nanoka(是这样啊的口癖)
island,岛屿背景
italian_flag,意大利国旗
italian_text,意大利语文字
jacket,外套
jacket_around_waist,外套系腰
jacket_on_shoulders,披外套
jacket_removed,脱下夹克|脱下的夹克
jack-o'-lantern,南瓜灯
jaguar_tail,美洲豹尾
japan,日本元素
japanese_armor,日本铠甲
japanese_clothes,和风服饰
japanese_flag,日之丸旗
japari_bun,兽娘包子
japari_symbol,浮莲子LOGO
jar,广口瓶
jealous,嫉妒表情
jeans,牛仔裤
jellyfish,水母元素
jersey,运动球衣
jester_cap,铃铛帽
jet,喷气机
jet_black_king_of_knights_ver._shinjuku_1999,漆黑的骑士王ver新宿1999
jeweled_branch_of_hourai,蓬莱玉枝
jewelry,珠宝首饰
jiangshi,中国僵尸
jingle_bell,圣诞铃铛
jitome,轻蔑眼神
joints,关节透视
jojo_pose,JOJO立
juice_box,利乐包饮料
juliet_sleeves,泡泡袖
jumping,跳跃动态
jumpsuit,工装连体裤
k/da_(league_of_legends),KDA组合(英雄联盟)
kabuto,头盔|甲胄
kagami_mochi,镜饼
kaijuu,巨型怪兽
kamina_shades,卡米纳墨镜
kamiyama_high_school_uniform,神山高中校服
kanabou,鬼金棒
kaname_madoka_(cosplay),cos成鹿目圆
kanji,汉字
kanzashi,日式簪子
kappa,河童
kappougi,日式烹饪围裙
karakasa_obake,唐伞小僧
karaoke,卡拉OK
karasu_tengu,乌天狗
kariginu,狩衣
katana,日本刀
keep_out,警戒线标识
keizoku_military_uniform,溪藏学园军服
keizoku_school_uniform,溪藏学园校服
kemonomimi_mode,兽耳化形态
kerchief,三角巾
kesa,袈裟
ketchup,番茄酱
kettle,烧水壶
key,钥匙
keyboard_(computer),计算机键盘
keyboard_(instrument),电子琴
keychain,钥匙链
keyhole,钥匙孔
keystone,楔石（《宝可梦》道具）
kickboard,电动滑板
kicking,踢击动作
kigurumi,布偶装
kimono,和服
kimono_lift,和服下摆撩起
kimono_pull,和服衣襟扯开
kimono_skirt,和服袴
kindergarten_uniform,幼儿园制服
kine,捣杵
king_(chess),国王(国际象棋)
kirisame_marisa_(cosplay),cos成雾雨魔理沙
kiseru,烟管（日式长烟斗）
kiss,接吻
kita_high_school_uniform,北高制服（《凉宫春日的忧郁》）
kitchen,厨房场景
kitsune,妖狐
kiyosumi_school_uniform,清澄学园校服（《天才麻将少女》）
knee_pads,护膝
knee_up,抬膝动作
kneehighs,标准过膝袜
knees,膝盖特写
knees_on_chest,膝盖蜷到胸前
knees_to_chest,抱膝蜷缩姿势
knees_together_feet_apart,膝并足分姿势
knees_up,双膝抬起姿势
knife,匕首
knight,骑士
knight_(chess),骑士棋（国际象棋）
kogal,涉谷系辣妹
konohagakure_symbol,木叶村徽（《火影忍者》）
korean_clothes,韩服
korean_text,韩语文字
kotatsu,暖桌
kote,笼手
kotoyoro,新年贺词
kourindou_tengu_costume,香霖堂天狗装扮（东方Project）
kunai,苦无（忍者武器）
kuromorimine_military_uniform,黑森峰军服（《少女与战车》）
kuromorimine_school_uniform,黑森峰校服
kusazuri,草摺（甲胄下摆）
kyuubi,九尾妖狐
kyuudou,弓道（日本箭术）
labcoat,白大褂
labia,阴唇
lace,蕾丝
lace_bra,蕾丝文胸
lace_panties,蕾丝内裤
lace_trim,蕾丝饰边
lace-trimmed_bra,蕾丝边文胸
lace-trimmed_dress,蕾丝边连衣裙
lace-trimmed_gloves,蕾丝边手套
lace-trimmed_hairband,蕾丝边发带
lace-trimmed_legwear,蕾丝边腿饰
lace-trimmed_panties,蕾丝边内裤
lace-trimmed_skirt,蕾丝边短裙
lace-trimmed_sleeves,蕾丝边袖口
lace-up_boots,系带靴
lactation,泌乳
lactation_through_clothes,隔衣溢乳
ladder,梯子
ladle,汤勺
ladybug,七星瓢虫
laevatein,禁忌“莱瓦汀”
lake,湖泊
lamia,蛇身人（希腊神话生物）
lamp,台灯
lamppost,路灯杆
lance,骑枪
landscape,全景式风景
lanyard,挂颈绳
laptop,笔记本电脑
large_areolae,大乳晕
large_bow,大型蝴蝶结
large_breasts,丰满胸部
large_hat,宽檐帽
large_insertion,深度插入
large_penis,巨型肉棒
large_tail,蓬松尾羽/兽尾
large_wings,巨型羽翼
laser,镭射光束
latex,乳胶材质
latex_gloves,乳胶手套
latin_cross,拉丁十字架
laughing,大笑表情
laundry,洗衣场景
laurel_crown,月桂冠
layered_bikini,叠穿比基尼
layered_clothing,分层服装
layered_dress,蛋糕裙
layered_skirt,荷叶边裙
layered_sleeves,灯笼袖
leaf,树叶元素
leaf_hair_ornament,叶形发簪
leaf_on_head,头顶叶饰
leaf_print,树叶印花
leaf_umbrella,荷叶伞
leaning,倚靠姿势
leaning_back,后仰姿态
leaning_forward,前倾身姿
leaning_on_object,倚物而立
leaning_to_the_side,侧身倾斜
leather,皮革质感
leather_boots,马丁靴
leather_gloves,皮手套
leather_jacket,机车皮衣
left-handed,左利手特征
left-to-right_manga,左翻漫画分镜
leg_belt,腿环
leg_between_thighs,腿间夹物
leg_cutout,裤袜有开口
leg_garter,腿环|袜带
leg_grab,抓腿动作
leg_hair,腿毛细节
leg_lift,抬腿姿势
leg_lock,双腿绞缠
leg_ribbon,腿绑缎带
leg_tattoo,腿部刺青
leg_up,单腿抬高
leg_warmers,针织腿套
legendary_pokemon,传说宝可梦
leggings,打底裤
legs,腿部特写
legs_apart,分腿姿势
legs_folded,盘腿
legs_over_head,腿举过头
legs_together,并腿
legs_up,双腿抬起
legwear_under_shorts,短裤穿在裤袜外面
lemon,柠檬
lemon_slice,柠檬切片
lens_flare,镜头眩光
leopard_print,花豹纹
leopard_tail,花豹尾
leotard,体操连体服
leotard_aside,连体衣侧开
leotard_pull,连体衣拉扯
leotard_under_clothes,内穿连体衣
letter,信件
letterboxed,信箱画幅
letterman_jacket,棒球外套
library,图书馆场景
licking,舔舐动作
licking_lips,舔唇
licking_penis,舔肉棒
lifebuoy,救生圈
lifted_by_another,被对方掀起衣物
lifted_by_self,自行掀起衣物
lifting_person,托举人体
light,光
light_areolae,光泽乳晕
light_blue_eyes,浅蓝色的眼睛
light_blue_hair,浅蓝色头发
light_blush,淡红腮红
light_brown_eyes,浅棕色眼睛
light_brown_hair,茶色头发
light_bulb,灯泡
light_censor,圣光
light_green_hair,浅绿色头发
light_particles,光粒子
light_rays,光束
light_smile,浅笑
light_trail,光迹
lighter,打火机
lighthouse,灯塔
lightning,闪电
lightsaber,星战光剑
lily_(flower),百合
lily_of_the_valley,铃兰
lily_pad,睡莲叶
limited_palette,有限色盘
lineart,素线画
lineup,一排人
lingerie,女式内衣
lion,狮子
lion_ears,狮子耳朵
lion_tail,狮子尾巴
lip_biting,咬嘴唇
lip_piercing,唇钉
lipstick,口红
lipstick_mark,口红印
lipstick_tube,口红管
liquid,液体
liquid_hair,流体头发
listen!!,《Listen!!》
living_clothes,活体服装
lizard,蜥蜴
lizard_tail,蜥蜴尾巴
load_bearing_vest,承重背心
loafers,乐福鞋
lock,锁
locked_arms,交臂挽手
locker,更衣室储物柜
locker_room,更衣室
log,枯树干
logo,标志
loincloth,遮裆布
lolita_fashion,洛丽塔风格
lolita_hairband,洛丽塔发带
lollipop,棒棒糖
long_braid,长辫子
long_coat,长外套
long_dress,长款连衣裙
long_fingernails,长指甲
long_legs,长腿
long_pointy_ears,尖长耳朵
long_ponytail,长马尾
long_skirt,及踝长半身裙
long_toenails,长趾甲
long_tongue,长舌头
look-alike,撞脸
looking_afar,远眺
looking_at_another,看着另一个人
looking_at_breasts,凝视胸部
looking_at_penis,看着肉棒
looking_at_phone,手机注视状态
looking_away,移开视线
looking_down,垂目
looking_to_the_side,侧视
looking_up,仰视
loose_belt,松垮腰带
loose_necktie,松散领带
lotion,润肤乳
lotion_bottle,乳液瓶
lotus,莲花
lounge_chair,躺椅
loungewear,家居服
love_letter,情书
low_ponytail,低马尾
low_twintails,低双马尾
low_wings,低位翅膀
lower_body,下半身
lowleg,低腰款
lowleg_bikini,低腰比基尼
lowleg_pants,低腰裤
low-tied_long_hair,低位束发
lube,润滑液
luggage,行李
luna_nova_school_uniform,露娜诺娃魔法校服
lute_(instrument),鲁特琴
lying,平躺姿势
lying_on_person,伏身于人
lyrics,歌词悬浮
m_legs,M字摆腿
m1911,M1911型枪
m4_carbine,m5卡宾枪
macaron,马卡龙
mace,狼牙权杖
machine,机械装置
machine_gun,机枪
machinery,机械结构
magatama,勾玉
magazine,杂志
magazine_(weapon),弹匣（武器配件）
magazine_cover,杂志封面
magic,魔法特效
magical_boy,魔法少年
magical_musket,魔导步枪
magician,魔术师角色
magnifying_glass,放大镜
mahjong,麻将牌桌
mahjong_tile,麻将牌面
maid_apron,女仆围裙
maid_bikini,女仆风比基尼
makeup,妆容描绘
makizushi,寿司卷
male_focus,男性主体
male_masturbation,男性自慰动作
male_pubic_hair,男性阴毛
male_swimwear,男士泳裤
male_underwear,男士内裤
mallet,木制短锤
mami_mogu_mogu,麻美断首梗
manakete,龙人族
mandarin_orange,柑橘类水果
manga_(object),漫画书实体
manly,阳刚气质
map,地图图示
maple_leaf,枫叶图案
marker,马克笔标记
marker_(medium),马克笔绘画
mars_symbol,♂
mascara,睫毛膏效果
mascot,吉祥物设计
mask,面部面具
mask_on_head,顶置面具
mask_pull,拉扯口罩动作
mask_removed,摘下的面具
masochism,抖M
master_sword,大师之剑（塞尔达传说）
masturbation_through_clothing,隔着衣服自慰
matching_outfit,情侣装
mating_press,强迫传教士体位
meat,肉类食材
mecha,机甲造型
mecha_musume,机械娘
mechanical_arms,机械臂义肢
mechanical_halo,机械光环
mechanical_legs,机械义腿
mechanical_parts,机械组件
mechanical_pencil,自动铅笔
mechanical_wings,机械羽翼
mechanization,机械化改造
medical_eyepatch,医用眼罩
medium_breasts,中等胸围（C罩杯）
medium_hair,中长发造型
medium_skirt,及膝裙装
mega_pokemon,Mega形态宝可梦
megaphone,扩音喇叭
meiji_schoolgirl_uniform,明治风女生校服
meka_(overwatch),智械机甲（守望先锋）
melon,哈密瓜
melon_bread,蜜瓜面包
melting,融化效果
meme,网络迷因
meme_attire,梗文化服饰
menu,菜单界面
merry_christmas,圣诞祝福语
messenger_bag,邮差包款
messy,凌乱状态
metal_collar,金属项圈
micro_bikini,极简比基尼
micro_panties,丁字内裤
micro_shorts,超短热裤
microdress,超短连衣裙
microphone_stand,麦克风支架
microskirt,超短裙装
middle_finger,竖中指手势
midriff_peek,腰腹微露
military,军事元素
military_hat,军帽款式
military_jacket,军装外套
military_operator,战术人员
military_uniform,军服造型
military_vehicle,军用载具
milk,牛奶液体
milk_bottle,奶瓶道具
milk_carton,利乐包装
milking_machine,挤奶装置
millipen_(medium),针管笔（中号）
mimikaki,采耳
mind_control,精神控制
mini_crown,小王冠
mini_hat,微型帽饰
mini_wings,迷你翅膀
miniboy,迷你男孩
mini-hakkero,迷你八卦炉
miracle_mallet,万宝槌
mirror,镜面反射
mismatched_bikini,撞色比基尼
mismatched_footwear,异色鞋履
mismatched_gloves,错配手套
mismatched_legwear,撞色裤袜
mismatched_pubic_hair,双色阴毛造型
missile,导弹造型
misunderstanding,误会情节
mitakihara_school_uniform,见泷原中学制服
mitsudomoe_(shape),巴纹
mittens,连指手套
mixed_bathing,混浴
mixed_media,混合媒介创作
mixing_bowl,搅拌碗具
mmf_threesome,两男一女三人行
moaning,呻吟表情
mob_cap,女仆头巾帽
mochi,日式麻糬
moderate_pubic_hair,中分的阴毛
mohawk,莫西干发型
mole,痣
mole_on_breast,胸痣
mole_on_neck,颈侧痣
mole_on_thigh,大腿痣
mole_under_eye,泪痣
mole_under_mouth,下唇痣
molten_rock,熔岩
money,纸币元素
monitor,电脑显示器
monkey,猴子形象
monkey_ears,猴耳特征
monkey_tail,猴尾特征
monochrome_background,单色空间背景
monocle,单片眼镜
monster_boy,兽人少年
monster_girl,魔物娘
monsterification,魔物化转变
moon,月亮元素
moonlight,月光效果
mop,拖把道具
morning,清晨场景
morning_glory,牵牛花
mosaic_censoring,马赛克处理
moss,苔藓质感
mother_and_daughter,母与女
mother_and_son,母与子
motherly,母性气质
motion_blur,动态模糊
motion_lines,动态轨迹
motor_vehicle,机动车辆
motorcycle,摩托车款
motorcycle_helmet,机车头盔
mount_fuji,富士山景
mountain,山岳背景
mountainous_horizon,山际线
mouse,鼠类形象
mouse_(computer),电脑鼠标
mouse_girl,鼠娘
mouse_tail,鼠尾特征
mouth,嘴
mouth_drool,垂涎表情
mouth_hold,衔物状态
mouth_mask,口罩佩戴
mouth_veil,面纱遮盖
mug,通用马克杯
mukyuu,姆Q
multicolored,多彩的
multicolored_background,多色背景
multicolored_bikini,多色比基尼
multicolored_bodysuit,多彩连体衣
multicolored_cape,多色斗篷
multicolored_clothes,多彩服装
multicolored_dress,多彩连衣裙
multicolored_eyes,多色眼瞳
multicolored_gloves,多彩手套
multicolored_hair,多色混搭发型
multicolored_legwear,拼色腿饰
multicolored_nails,渐变美甲
multicolored_skin,渐变色皮肤
multicolored_skirt,拼色短裙
multicolored_stripes,彩虹条纹
multicolored_wings,幻彩羽翼
multiple_4koma,多格四拼漫画
multiple_bows,多只蝴蝶结
multiple_boys,复数男性角色
multiple_braids,多股辫发
multiple_crossover,跨作品联动
multiple_earrings,耳饰叠戴
multiple_fellatio,多人口交
multiple_girls,复数女性角色
multiple_hair_bows,多头饰蝴蝶结
multiple_legs,多足形态
multiple_monochrome,多单色拼接
multiple_others,多元性别角色
multiple_paizuri,两个女性(两对胸)进行乳交
multiple_penises,阴茎包围网
multiple_persona,多重人格造型
multiple_riders,多骑手同框
multiple_tails,多尾造型
multiple_views,多视角呈现
multiple_wings,多翼形态
multi-strapped_bikini,细带款比基尼
multi-tied_hair,多段束发
mummy,木乃伊造型
mundane_utility,生活化超能力
muneate,日式胸甲
muscular_female,健美女性
mushroom,蘑菇元素
music,音乐主题
musical_note,音符图案
musical_note_hair_ornament,音符发饰
mustache,八字胡
muted_color,低饱和度
muzzle_flash,枪口焰光
mythical_pokemon,神兽(口袋妖怪)
naginata,薙刀武器
nail,指甲/图钉
nail_art,美甲艺术
nail_polish,指甲油光泽
naked_bandage,裸体绷带
naked_coat,裸穿大衣
naked_hoodie,裸体卫衣
naked_kimono,裸体和服
naked_scarf,裸围巾
naked_sheet,裸体床单
naked_sweater,裸毛衣
naked_tabard,裸罩袍
naked_towel,裸体浴巾
name_tag,名牌标识
namesake,人与人的同名梗
nami_junior_high_school_uniform,波路中学校服
nanairogaoka_middle_school_uniform,七色丘中学校服
nanamori_school_uniform,七森中学校服
nanodesu_(phrase),「呐」式语癖
naoetsu_high_school_uniform,直江津高校制服
nape,后颈特写
narrow_waist,蜂腰造型
national_shin_ooshima_school_uniform,新大岛学园校服
native_american,印第安人元素
natsuiro_egao_de_1_2_jump!,《夏色えがおで1_2_Jump!》
nature,自然景观
naval_uniform,海军军装
navel_cutout,露脐设计
navel_piercing,脐部穿刺
navy_blue_legwear,海军蓝腿部服饰
nearly_naked_apron,内衣围裙
neck,颈部特写
neck_ribbon,颈间缎带
neck_ring,项圈装饰
neck_ruff,荷叶领
neckerchief,三角领巾
necktie_between_breasts,乳沟领带
necktie_grab,扯领带动作
neckwear_grab,抓衣领动作
needle,针状物
negligee,性感睡裙
nekomata,猫又
nengajou,贺年卡元素
neon_trim,霓虹描边
nervous,紧张神态
nervous_smile,紧张不安微笑
net,网状材质
netorare,NTR
new_school_swimsuit,新型死库水
new_year,新年主题
newhalf,伪娘形象
newspaper,报纸元素
nib_pen_(medium),蘸水笔触感
night,夜景
night_sky,夜空背景
nightcap,睡帽造型
nightgown,睡裙装扮
nihonga,日本画
nike,耐克
ninja,忍者装束
nintendo_3ds,任天堂4ds
nintendo_ds,任天堂ds
nintendo_switch,任天堂switch
nipple_censor,乳头打了码
nipple_clamps,乳夹道具
nipple_piercing,乳头穿刺
nipple_rings,乳环穿刺
nipple_slip,乳头走光
nipple_tweak,玩弄乳头
nippleless_clothes,露乳服装
no_blindfold,未佩戴眼罩
no_eyepatch,无眼罩覆盖
no_eyes,无眼造型
no_eyewear,无眼镜状态
no_gloves,无手套状态
no_hat,去掉了(原设有的)帽子
no_headwear,无头饰状态
no_humans,不含人类
no_legs,没画出腿
no_legwear,无下装状态
no_lineart,无勾线画风
no_mouth,无口造型
no_nipples,无乳首状态
no_nose,无鼻造型
no_panties,真空下着
no_pants,无裤状态
no_pupils,无瞳孔状态
no_pussy,无阴部刻画
no_shirt,无上衣状态
no_shoes,赤足状态
no_socks,无袜状态
no_testicles,无睾丸刻画
no_wings,无翼状态
noh_mask,能剧面具
nontraditional_miko,创新巫女装
noodles,面条元素
noose,绞索道具
nose,鼻部特写
nose_blush,鼻头红晕
nose_bubble,鼻涕泡
nose_hatchet,柴刀
nose_piercing,鼻部穿刺
notebook,笔记本道具
notepad,记事本元素
notice_lines,注意力线
novel_cover,轻小说封面
novelty_censor,新潮式创意打码
nude_cover,全裸封面
number,数字
number_tattoo,数字纹身
numbered,编号标识
numbers_(nanoha),序印者(魔法少女奈叶)
nurse,护士装扮
nursing_handjob,哺乳手交
obentou,便当
obi,和服腰带
object_hug,抱着某物
object_insertion,异物插入
object_namesake,同名物梗
object_on_head,头顶置物
objectification,物化表现
octarian,章鱼族形象
octopus,章鱼元素
oda_uri,钉宫音梗
odd_one_out,异类存在
oekaki,简笔风格
off_shoulder,露肩款式设计
office,办公室场景
office_chair,办公椅
office_lady,办公室女职员
official_style,官方画风
off-shoulder_dress,露肩连衣裙
off-shoulder_jacket,露肩夹克
off-shoulder_shirt,露肩衬衫
off-shoulder_sweater,露肩毛衣
ofuda_on_clothes,衣贴符咒
ok_sign,OK手势
okamisty,米斯蒂娅形象
old_man,老翁形象
old_school_swimsuit,旧式死库水
old_woman,老妪形象
older,老化
oldschool,守旧派画风
omelet,煎蛋卷
omurice,蛋包饭
on_back,仰躺姿势
on_bed,床上场景
on_chair,坐椅姿势
on_couch,沙发坐姿构图
on_desk,桌面放置
on_floor,地板场景
on_ground,地面场景
on_head,头顶物体
on_lap,膝上放置
on_person,倚靠人体
on_shoulder,单肩承物
on_side,侧躺姿势
on_table,桌上放置
on_vehicle,交通工具场景
onbashira,御柱
one_breast_out,单乳裸露
one_eye_closed,单眼闭合
one_eye_covered,单眼遮蔽
one_knee,单膝跪
one_side_up,单侧束发
one-eyed,独眼角色
one-piece_swimsuit,连体泳衣
one-piece_tan,连体泳衣晒痕
oni,日式鬼怪
oni_horns,鬼角
oni_mask,鬼怪面具
onigiri,饭团
onmyouji,阴阳师职业
onomatopoeia,拟声词
onsen,温泉场景
ooarai_(emblem),大洗徽章（少女与战车）
ooarai_military_uniform,大洗军装
ooarai_school_uniform,大洗校服
oonusa,祓串
ootachi,大太刀武器
opaque_glasses,不透明镜片
open_book,翻开书本
open_bra,解扣文胸
open_coat,敞开外套
open_collar,开领设计
open_door,开启的门
open_fly,裤链敞开
open_hand,摊开手掌
open_hoodie,敞开帽衫
open_jacket,敞开夹克
open_kimono,和服前襟敞开
open_mouth,张口表情
open_shirt,敞怀衬衫
open_shorts,短裤敞开
open_skirt,裙摆敞开
open_vest,敞开马甲
open_window,开窗场景
open-chest_sweater,深V领毛衣
opening_door,推门动作
oppai_loli,巨乳萝莉
oral_invitation,伸舌迎接射精
orange_background,橙色背景
orange_bikini,橙色比基尼
orange_bodysuit,橙色连体衣
orange_bow,橙色蝴蝶结
orange_choker,橙色颈链
orange_dress,橙色连衣裙
orange_eyes,橙色瞳色
orange_flower,橙色花朵
orange_footwear,橙色鞋履
orange_gloves,橙色手套
orange_hair,橙发
orange_hairband,橙色发带
orange_headwear,橙色头饰
orange_jacket,橙色外套
orange_kimono,橙色和服
orange_legwear,橙色裤袜
orange_nails,橙色美甲
orange_neckwear,橙色领子
orange_panties,橙色内裤
orange_ribbon,橙色缎带
orange_sailor_collar,橙色水手领
orange_scarf,橙色围巾
orange_scrunchie,橙色发圈
orange_shirt,橙色衬衫
orange_shorts,橙色短裤
orange_skirt,橙色短裙
orange_sky,橙色天空
orange_slice,橙子切片
orange_theme,橙色主题
orb,发光球体元素
orc,兽人种族
orgasm,高潮状态
orgy,乱交
origami,折纸艺术
o-ring,O型环装饰
o-ring_bikini,O环比基尼
o-ring_bottom,O环下装
o-ring_top,O环上衣
otaku,阿宅|御宅族
other_focus,非人类角色（性别不明）
otoko_no_ko,伪娘
otonokizaka_school_uniform,音乃木坂学院制服（LoveLive!）
out_of_character,角色性格偏离原设
out_of_frame,画面外延伸
outdoors,户外场景/野战
outline,轮廓描边
out-of-frame_censoring,画面外打码
outside_border,溢出画框
outstretched_arm,伸展手臂
outstretched_arms,张开双臂
outstretched_hand,前伸手臂姿态
oven_mitts,防烫手套
over_shoulder,过肩扛物
overalls,背带工装裤
overcoat,长款大衣
overflow,精液溢出(未拔出)
overgrown,植被丛生
over-kneehighs,超高过膝袜
over-rim_eyewear,上框半镜
oversized_animal,巨型动物
oversized_clothes,超大号服饰
oversized_object,超常规尺寸物品
oversized_shirt,超大号衬衫
overskirt,罩裙
ovum,卵细胞
owl,猫头鹰
own_hands_together,双手合十
pacifier,安抚奶嘴
paddle,划桨
padlock,挂锁
page_number,页码标注
pagoda,东方塔楼建筑
pain,生理疼痛表现
paint,颜料
paint_splatter,颜料飞溅
paintbrush,绘画笔刷
painting,绘画
painting_(object),画作实体
paizuri_under_clothes,隔衣乳交
pale_color,低饱和度色调
pale_skin,苍白肤色
palette,调色板
palm_tree,棕榈树
palms,掌心特写
pancake,松饼
panda,熊猫
pant_suit,女士西服套装
panties,内裤
panties_around_one_leg,单腿挂内裤
panties_aside,内裤侧移
panties_on_head,头戴内裤
panties_removed,内裤已被脱下
panties_under_buruma,灯笼裤内穿内裤
panties_under_pantyhose,裤袜内穿内裤
pants,长裤
pants_down,褪下裤子
pants_pull,拽裤腰
pants_rolled_up,卷裤腿
panty_lift,提拉内裤
panty_peek,女式内裤边缘
pantyhose_pull,褪下裤袜
pantylines,内裤痕透出
panzerkampfwagen_iv,四号战车
papakha,高加索毛皮帽
paper,纸张元素
paper_airplane,纸飞机
paper_bag,普通纸袋
paper_crane,千纸鹤
paper_fan,传统手摇折扇
paper_lantern,纸灯笼
paradis_military_uniform,帕拉迪岛军装（进击的巨人）
parasol,蕾丝阳伞
parfait,水果芭菲
park,公园场景
parka,派克大衣
parody,戏仿其他作品
parrot,鹦鹉
parted_bangs,分明额发
parted_lips,微张双唇
partially_colored,部分上色
partially_submerged,半浸水中
partially_unbuttoned,部分解扣
partially_unzipped,半开拉链
partially_visible_anus,可以看见一部分肛门
partially_visible_vulva,外阴露出
party_hat,派对尖帽
party_popper,礼花筒
pasta,意面元素
pastel_(medium),粉彩画风
pasties,乳贴装饰
pastry,酥皮点心
patch,补丁装饰
path,小径
patreon_logo,Patreon标识
patreon_username,Patreon用户名标注
pauldrons,装饰肩甲
pavement,铺装人行道路
paw_gloves,兽爪手套
paw_pose,萌系爪形姿势
paw_print,爪印图案
paw_shoes,兽爪鞋
paws,爪子
peace_symbol,☮
peach,桃子元素
peaked_cap,大檐帽
pearl_(gemstone),珍珠饰品
pearl_necklace,珍珠项链
pectorals,健硕胸肌
pee,尿液
peeing,撒尿
peeing_self,失禁弄脏自身
peeking,窥视动作
peeking_out,探头窥看
peeping,偷窥(强调视角)
pegasus,天马
pegasus_knight,天马骑士
pelvic_curtain,旗袍前摆
pen,钢笔
pencil,铅笔
pencil_dress,铅笔连衣裙
pencil_skirt,铅笔裙
pendant,垂饰
penguin,企鹅
penguin_hood,企鹅连帽衫
penis,肉棒
penis_awe,展露肉棒
penis_grab,手握肉棒
penis_in_panties,肉棒卡在内裤边缘
penis_on_face,面部接触肉棒
pennant,三角旗
pentacle,五芒星符号
perineum,会阴部位
perky_breasts,挺拔乳房
perpendicular_paizuri,垂直体位乳交
person_on_head,头载小精灵
personality_switch,人格切换
perspective,透视构图
pervert,变态
pet,宠物
pet_bowl,宠物食盆
pet_play,宠物Play
petals,花瓣飘落
petals_on_liquid,液体浮花瓣
petite,娇小体型
petticoat,衬裙
petting,爱抚
phallic_symbol,暗示肉棒
phimosis,包茎
phone,手机道具
phone_screen,手机屏幕
phonograph,留声机
photo_(object),照片实体
photo_background,照片背景
photorealistic,超写实画风
picnic,野餐场景
picnic_basket,野餐篮
picture_(object),图中有照片或其他图片
picture_frame,画框元素
pie,派类食物
pier,栈桥延伸场景
piercing,穿刺装饰
pig,猪元素
pigeon-toed,内八站姿
piggyback,背驮姿势
pill,药丸
pill_earrings,药丸耳饰
pillar,支柱装饰元素
pillarboxed,竖屏构图
pillow,枕头道具
pillow_grab,抓枕头动作
pillow_hat,睡帽
pillow_hug,抱枕姿势
pilot,飞行员职业
pilot_suit,飞行服
pinafore_dress,背带裙
pince-nez,夹鼻眼镜
pinching,捏掐动作
pinching_sleeves,揪袖口
pink_apron,粉色围裙
pink_background,粉色背景
pink_bikini,粉色比基尼
pink_blouse,粉色上衣
pink_bodysuit,粉色连体衣
pink_bow,粉色蝴蝶结
pink_bra,粉色文胸
pink_cardigan,粉色开衫
pink_choker,粉色颈圈
pink_coat,粉色大衣
pink_collar,粉色衣领
pink_dress,粉色连衣裙
pink_eyes,粉色瞳色
pink_flower,粉色花朵
pink_footwear,粉色鞋履
pink_gloves,粉色手套
pink_hair,粉色头发
pink_hairband,粉色发带
pink_hakama,粉色袴
pink_headwear,粉色头饰
pink_hoodie,粉色连帽衫
pink_jacket,粉色夹克
pink_kimono,粉色和服
pink_legwear,粉色裤袜
pink_leotard,粉色体操服
pink_lips,粉嫩双唇
pink_lipstick,粉红唇膏
pink_nails,粉色美甲
pink_neckwear,粉色领子
pink_panties,粉色内裤
pink_pants,粉色长裤
pink_ribbon,粉色缎带
pink_rose,粉色玫瑰
pink_sailor_collar,粉色水手领
pink_scarf,粉色围巾
pink_scrunchie,粉色发圈
pink_shirt,粉色衬衫
pink_shorts,粉色短裤
pink_skin,粉色肌肤
pink_skirt,粉色短裙
pink_sleeves,粉色袖口
pink_sweater,粉色毛衣
pink_swimsuit,粉色泳衣
pink_theme,粉色主题
pink_towel,粉色毛巾
pink_vest,粉色马甲
pink_wings,粉色羽翼
pink-framed_eyewear,粉色镜框
pinky_out,翘小拇指
pinstripe_pattern,细条纹纹理
pipe,管子
pipes,管道
pirate,海盗主题
pirate_hat,海盗帽
pistol,手枪
pith_helmet,遮阳盔帽
pixel_art,像素绘
pixelated,像素化效果
pizza,披萨元素
plaid,格子呢纹样
plaid_background,格子背景
plaid_bikini,格子比基尼
plaid_bow,方格呢蝴蝶结
plaid_dress,方格呢连衣裙
plaid_neckwear,格子呢领子
plaid_panties,格子内裤
plaid_pants,格子长裤
plaid_scarf,方格呢围巾
plaid_shirt,方格呢衬衫
plaid_skirt,格子短裙
plaid_vest,格子马甲
planet,行星元素
plant,植物元素
plant_girl,植物娘
plantar_flexion,足背屈
planted_sword,插地剑
planted_weapon,往地上插的武器
plastic_bag,塑料袋
plate,餐盘
plate_armor,板甲装备
platform_footwear,厚底鞋
platinum_blonde_hair,白金色头发
playboy_bunny_leotard,兔女郎连身衣
player_2,3P玩家角色风格颜色替换
playing,玩耍状态
playing_card,扑克牌
playing_games,玩游戏动作
playing_instrument,演奏乐器
playstation_portable,PSP掌机
pleated_dress,百褶连衣裙
plectrum,吉他拨片
plugsuit,插入栓驾驶服
plump,丰腴体型
plunging_neckline,深V领口
pocket,口袋元素
pocket_watch,怀表道具
pocky,百奇零食
pocky_day,百奇日
pocky_kiss,百奇吻
pointer,指示棒
pointing,指物动作
pointing_at_self,指自己
pointing_at_viewer,手指指向观者
pointing_up,上指动作
pointless_censoring,无效打码
pointless_condom,戴套内射
pointy_footwear,尖头鞋
pointy_hair,锐利刺猬头
poke_ball,精灵球
poke_ball_(basic),红白精灵球
poke_ball_print,精灵球印花
poke_ball_theme,精灵球主题
pokedex_number,宝可梦图鉴编号
pokemon_(creature),宝可梦生物
pokemon_on_head,头顶宝可梦
pokemon_on_shoulder,肩扛宝可梦
poker_chip,筹码道具
poking,戳弄动作
polar_chaldea_uniform,极地迦勒底制服
pole,杆状物
pole_dancing,钢管舞
polearm,长柄武器
police,警察元素
police_uniform,警服
policewoman,女警形象
polka_dot,波点图案
polka_dot_background,波点背景
polka_dot_bikini,波点比基尼
polka_dot_bow,波点蝴蝶结
polka_dot_bra,波点文胸
polka_dot_legwear,波点腿饰
polka_dot_panties,波点内裤
polka_dot_scrunchie,波点发圈
polka_dot_swimsuit,波点泳衣
polo_shirt,POLO衫
polos_crown,波洛斯皇冠
pom_pom_(clothes),绒球装饰
pompadour,飞机头发型
poncho,斗篷披风
pond,池塘场景
pool,游泳池场景
pool_ladder,泳池扶梯
poolside,池畔场景
popcorn,爆米花
popped_collar,立领造型
popsicle,冰棒
porch,门廊空间场景
porkpie_hat,平顶礼帽
pornography,色情内容
portrait,肖像画
pose,姿势
poster_(object),海报道具
pot,锅
potato,土豆元素
potato_chips,薯片零食
potion,药水道具
potted_plant,盆栽植物
pouch,贴身小包
pouring,液体倾倒动作
pout,嘟嘴表情
pov,主观视角
pov_crotch,胯部视角
pov_hands,手部特写视角
power_armor,动力装甲
power_lines,输电线
power_suit,强化服
power_symbol,电源符号
pravda_military_uniform,真理学院军装
pravda_school_uniform,真理学院校服
prayer_beads,念珠道具
praying,祈祷姿势
precum,前列腺液
prehensile_hair,可操控头发
presenting,展示姿势
priest,神父形象
princess,公主角色
print_bikini,印花比基尼
print_bow,印花蝴蝶结
print_bra,印花文胸
print_dress,印花连衣裙
print_gloves,印花手套
print_headwear,印花头饰
print_kimono,印花和服
print_legwear,印花裤袜
print_mug,印花马克杯
print_neckwear,印花领带
print_panties,印花内裤
print_sarong,印花纱笼
print_shirt,印花衬衫
print_skirt,印花短裙
product_placement,植入广告
profanity,脏话文字
projected_inset,投影插画
projectile_cum,喷射精液
prone_bone,俯卧体位
propeller,螺旋桨道具
prosthesis,义体装置
prostitution,卖淫
pubic_hair_peek,阴毛露出
pubic_tattoo,淫纹
public,公开场所(性交)
public_nudity,公开裸露
public_use,公共载具统称
puckered_lips,收缩式噘嘴
pudding,布丁甜点
puddle,水洼场景
puff_and_slash_sleeves,泡泡袖与开衩袖
puffy_detached_sleeves,分离式泡泡袖
puffy_long_sleeves,长款泡泡袖
puffy_nipples,乳首凸起
puffy_short_sleeves,短款泡泡袖
puffy_shorts,泡泡短裤
puffy_sleeves,泡泡袖设计
pulled_by_another,被另一个人拉(或拉衣物)
pulled_by_self,自扯衣物
pulling,拉扯动作
pumpkin,南瓜元素
pumpkin_hair_ornament,南瓜发饰
pumps,浅口高跟鞋
pun,双关语文字
punching,出拳动作
puppet,傀儡玩偶
puppy,幼犬元素
purple_background,紫色背景
purple_bikini,紫色比基尼
purple_bodysuit,紫色连体衣
purple_bow,紫色蝴蝶结
purple_bra,紫色文胸
purple_cape,紫色披风
purple_choker,紫色项圈
purple_coat,紫色大衣
purple_dress,紫色连衣裙
purple_flower,紫色花朵
purple_footwear,紫色鞋履
purple_gloves,紫色手套
purple_hairband,紫色发带
purple_hakama,紫色袴
purple_headwear,紫色头饰
purple_jacket,紫色夹克
purple_kimono,紫色和服
purple_legwear,紫色裤袜
purple_leotard,紫色体操服
purple_lips,紫色的嘴唇
purple_nails,紫色美甲
purple_neckwear,紫色领子
purple_panties,紫色内裤
purple_pants,紫色长裤
purple_ribbon,紫色缎带
purple_rose,紫色玫瑰
purple_sailor_collar,紫色水手领
purple_scarf,紫色围巾
purple_scrunchie,紫色发圈
purple_shirt,紫色衬衫
purple_shorts,紫色短裤
purple_skin,紫色皮肤
purple_skirt,紫色短裙
purple_sky,紫色天空
purple_sleeves,紫色袖口
purple_sweater,紫色毛衣
purple_swimsuit,紫色泳衣
purple_theme,紫色主题
purple_umbrella,紫色雨伞
purple_vest,紫色背心
purple_wings,紫色翅膀
purple-framed_eyewear,紫色镜框眼镜
pushing,推挤动作
pussy,小穴
pussy_juice,淫水
pussy_juice_puddle,淫水水洼
pussy_juice_stain,淫水污渍
pussy_juice_trail,淫水拉丝
pussy_peek,阴部微露
qing_guanmao,清代官帽
quad_tails,四股辫
quarter_note,四分音符
queen_(chess),国际象棋皇后
quill,羽毛笔
quiver,箭筒
rabbit_house_uniform,《请问您今天要来点兔子吗》女仆制服
raccoon_ears,浣熊耳
raccoon_girl,浣熊娘
raccoon_tail,浣熊尾巴
race_queen,赛车女郎
racket,球拍
radiation_symbol,辐射标志
radio,收音机
radio_antenna,天线
raglan_sleeves,插肩袖
railing,扶栏
railroad_tracks,铁轨
raimon,闪电足球队（闪电十一人）
raimon_soccer_uniform,闪电足球队队服
rain,下雨
rainbow,彩虹
rainbow_background,彩虹背景
rainbow_hair,彩虹渐变色发型
rainbow_order,彩虹光谱排列
raincoat,雨衣
raised_eyebrow,挑眉
raised_eyebrows,双眉上扬
raised_fist,举拳
ramen,日式拉面
ramune,弹珠汽水
randoseru,小学生双肩包
ranguage,英语误用表达
rape,强奸
rape_face,一副要强奸人的表情
rapier,细剑
ray_gun,镭射枪
reach-around,后抱式爱抚
reaching,够取物品动作
reaching_out,朝画外伸手
reading,阅读
ready_to_draw,拔刀预备姿势
real_life_insert,现实场景融入
real_world_location,真实地标
realistic,写实风格
reclining,斜倚姿势
recorder,竖笛
recording,●REC
red_armor,红色盔甲
red_background,红色背景
red_belt,红腰带
red_bikini,红色比基尼
red_bodysuit,红色紧身衣
red_border,红色边框
red_bow,红色蝴蝶结
red_bra,红色文胸
red_buruma,红色运动短裤
red_cape,红色披风
red_capelet,红色短斗篷
red_choker,红色颈链
red_cloak,红色长斗篷
red_coat,红色大衣
red_collar,红色项圈
red_cross,红十字标志
red_dress,红色连衣裙
red_flower,红色花朵
red_footwear,红色鞋履
red_gloves,红色手套
red_hairband,红色发箍
red_hakama,红色袴
red_headband,红色束发带
red_headwear,红色头饰
red_hood,红色兜帽
red_horns,红色犄角
red_jacket,红色夹克
red_kimono,红色和服
red_legwear,红色裤袜
red_leotard,红色体操服
red_lips,红唇
red_lipstick,红色唇膏
red_moon,赤月
red_nails,红色美甲
red_neckwear,红色领子
red_panties,红色内裤
red_pants,红色长裤
red_pupils,红色瞳孔
red_ribbon,红色缎带
red_rope,红绳
red_rose,红玫瑰
red_sailor_collar,红色水手领
red_sash,红色绶带
red_scarf,红色围巾
red_sclera,红色巩膜（眼白）
red_scrunchie,红色发圈
red_shirt,红色衬衫
red_shorts,红色短裤
red_skin,红色皮肤
red_skirt,红色短裙
red_sky,赤色天空
red_sleeves,红色衣袖
red_sweater,红色毛衣
red_swimsuit,红色泳衣
red_theme,红色主题
red_umbrella,红色油纸伞
red_vest,红色马甲
red_wings,红色翅膀
red-framed_eyewear,红框眼镜
reflection,倒影
reflective_eyes,反光的眼睛
reflective_floor,反光地面
refrigerator,冰箱
rei_no_himo,乳首激凸
reindeer,驯鹿
reindeer_antlers,驯鹿角
reins,缰绳
remodel_(kantai_collection),改三|改二|改
remote_control,遥控器
remote_control_vibrator,遥控跳蛋
restaurant,餐厅场景
restrained,拘束
retrofit_(azur_lane),改造(碧蓝航线)
revealing_clothes,暴露服饰
reverse_bunnysuit,逆兔女郎装
reverse_cowgirl_position,逆骑乘位
reverse_grip,反手握刀姿势
reverse_outfit,布料反转设计的服装
reverse_suspended_congress,背面腿下握颈体位
reverse_trap,男装丽人
reverse_upright_straddle,背面座体位
revolver,左轮手枪
ribbed_bodysuit,罗纹紧身衣
ribbed_dress,罗纹连衣裙
ribbed_leotard,罗纹连体衣
ribbed_shirt,罗纹衬衫
ribbed_sleeves,罗纹袖口
ribbed_sweater,罗纹毛衣
ribbon,缎带装饰
ribbon_bondage,缎带拘束
ribbon_choker,缎带颈饰
ribbon_in_mouth,衔缎带
ribbon_trim,缎带镶边
ribbon-trimmed_skirt,缎带饰边短裙
ribbon-trimmed_sleeves,缎带饰边衣袖
ribs,肋骨凸显
rice,米饭
rice_bowl,饭碗
rice_on_face,脸上粘饭粒
rice_spoon,盛饭勺
riding,骑乘动作
riding_crop,马术短鞭
rifle,步枪
rigging,舰装（舰队Collection）
rimless_eyewear,无框眼镜
ring,戒指
ringed_eyes,圈圈眼
ringlets,精致螺旋卷发
ripples,水波纹
rising_sun,旭日旗
ritual_baton,笏板
river,河流场景
riyo_(lyomsnpmp)_(style),FGO漫画画风
road,道路背景
road_sign,道路标识
robot,机器人
robot_ears,机械耳
robot_joints,机械关节
rock,岩石背景
rocket,火箭
rocket_launcher,火箭发射器
rod,杆
rod_of_remorse,悔悟之棒（东方Project）
role_reversal,角色立场反转
roller_skates,双排旱冰
rolling_eyes,白眼上翻
romaji_text,罗马音标注
rooftop,天台场景
rook_(chess),城堡棋子（国际象棋）
room,房间
rose,玫瑰
rose_petals,玫瑰花瓣飘落
rose_print,玫瑰印花
rotational_symmetry,旋转对称构图
round_eyewear,圆框眼镜
round_teeth,圆齿（无齿缝）
round_window,圆窗
round-bottom_flask,圆底烧瓶
rounded_corners,圆角边框
rubber_boots,胶靴
rubber_duck,橡皮鸭
rubbing_eyes,揉眼动作
rubble,废墟瓦砾
ruby_(gemstone),红宝石
rudder_footwear,舵型鞋（舰娘专属）
rug,装饰小块毯
ruler,直尺
runes,卢恩符文
running,奔跑动作
russian_text,俄语
ryona,被重度(性)虐待的女性
ryouou_school_uniform,陵樱学园制服（CLANNAD）
saber_(weapon),骑兵军刀
sack,麻布袋
saddle,马鞍
safety_pin,安全别针
sagging_breasts,俯身胸部下垂
sailor,基础水手服
sailor_bikini,水手风比基尼
sailor_dress,水手风连衣裙
sailor_hat,水手帽
sailor_moon_redraw_challenge,水冰月重绘挑战
sailor_senshi,美少女战士
sailor_senshi_uniform,美少女战士制服
sailor_shirt,水手风衬衫
saiyan_armor,赛亚人战斗服（龙珠）
sakazuki,神酒盏
sake_bottle,清酒瓶
sakugawa_school_uniform,柊学园制服
sakuragaoka_high_school_uniform,樱丘高校制服（轻音少女）
saliva_trail,唾液拉丝
sample,样图
samurai,武士
sand,沙滩
sand_sculpture,沙雕作品
sandals,凉鞋
sandals_removed,脱下凉鞋
sandwich,三明治
sandwiched,三明治构图（中间被夹）
sangvis_ferri,铁血工造（少女前线）
sanpaku,三白眼
sanshoku_dango,三色团子
santa_boots,圣诞长靴
santa_costume,圣诞老人装
santa_hat,圣诞帽
sapphire_(gemstone),蓝宝石
sarashi,裹胸布
sarong,纱笼裙
sash,装饰性绶带
satchel,邮差包
saucer,茶托
saunders_military_uniform,桑德斯军校制服（强袭魔女）
saunders_school_uniform,桑德斯学院制服（少女与战车）
sausage,香肠
sayagata,纱绫形纹样
scabbard,剑鞘
scales,鳞片纹理
scar,伤疤
scar_across_eye,横跨眼部的伤疤
scar_on_cheek,脸颊伤疤
scared,惊恐表情
scarlet_devil_mansion,红魔馆（东方Project）
scenery,自然景观背景
scepter,皇室权杖
school,学校场景
school_bag,学生书包
school_chair,课桌椅
school_desk,课桌
school_hat,学生帽
school_swimsuit,死库水泳装
science_fiction,科幻元素
scissor_blade,片太刀铗
scissors,剪刀
scooter,踏板摩托车
scope,瞄准镜
scowl,蹙眉怒视
scratches,抓痕
screaming,呐喊表情
screen,电子屏幕
screentones,网点纸效果
screw,螺丝钉
screwdriver,螺丝刀
scroll,卷轴
scrunchie,发圈
scythe,长柄镰刀
seal,密封罐|封印
seamed_legwear,带缝线裤袜
searchlight,探照灯光束
seashell,贝壳装饰
season_connection,同季动画联动彩蛋
seaweed,海藻
seductive_smile,魅惑微笑
see-through,透视装
see-through_silhouette,逆光轮廓透视
see-through_sleeves,透纱衣袖
seigaiha,青海波纹样
seikan_hikou,《星间飞行》
seishou_elementary_school_uniform,圣祥大附小学校校服
self_fondle,女性自慰
selfcest,自我分身CP
semi-rimless_eyewear,半无框镜
sepia,棕褐色调
serious,严肃神情
serval_tail,薮猫尾巴
setsubun,节分撒豆场景
severed_head,断首
sewing,缝纫动作
sex,性交
sex_from_behind,后入体位
sex_machine,机械奸
sex_toy,情趣玩具
sextuplets,六胞胎角色
sexually_suggestive,性明示
shackles,镣铐
shade,遮阳处
shaded_face,面部阴影
shading_eyes,手遮阳光姿势
shadow,阴影效果
shako_cap,军乐队筒帽
shallow_water,浅滩
shared_bathing,共浴场景
shared_food,共食
shared_scarf,共用围巾
shared_umbrella,合撑雨伞
shark,鲨鱼
sharp_fingernails,尖指甲
sharp_teeth,尖齿
sharp_toenails,尖趾甲
shaved_ice,刨冰
shawl,披肩
sheath,通用鞘
sheathed,入鞘状态
sheep,绵羊
sheep_ears,绵羊耳
sheep_girl,羊娘
sheep_horns,卷曲羊角
sheer_clothes,透明的衣服
sheer_legwear,透明的裤袜
sheet_grab,抓床单动作
sheet_music,乐谱
shelf,置物架
shell,贝壳
shell_bikini,贝壳比基尼
shell_casing,弹壳
shiba_inu,柴犬
shibari,日式绳缚
shibari_over_clothes,着衣绑缚
shide,注连绳纸垂
shield,盾牌
shikigami,式神
shikishi,色纸板
shimenawa,注连绳结界
shin_guards,护胫甲
shinai,竹剑
shinda_sekai_sensen_uniform,死后世界战线制服（AngelBeats!）
shindan_maker,诊断生成器梗
shinsengumi,新选组服饰
shiny,光泽
shiny_clothes,亮面服饰
shiny_hair,有光泽的头发
shiny_pokemon,异色宝可梦
shiny_skin,有光泽的皮肤
ship,大型船舶
shirt,衬衫
shirt_lift,掀起衬衫
shirt_pull,拉扯衬衫
shirt_removed,脱下衬衫
shirt_tucked_in,衬衫扎进下装
shirt_tug,拽衬衫动作
shirtless,赤膊的(男性)
shoe_dangle,用脚趾吊着鞋
shoe_soles,鞋底特写
shoelaces,鞋带
shoes,鞋类
shoes_removed,脱下的鞋
shooting_star,流星
shop,商店场景
shopping,购物场景
shopping_bag,购物袋
shore,海岸线
short_dress,短款连衣裙
short_eyebrows,短眉
short_hair_with_long_locks,短发配长侧发
short_jumpsuit,短款连体裤
short_kimono,小纹和服
short_necktie,短领带
short_over_long_sleeves,内长外短袖
short_shorts,热裤
short_sleeves,短袖
short_sword,常规短刀
short_twintails,短双马尾
shorts_pull,褪短裤动作
shorts_under_skirt,裙下短裤
shotgun,霰弹枪
shougi,将棋
shouji,日式纸拉门
shoujo_kitou-chuu,少女祈祷中
shoulder_armor,防护肩甲
shoulder_bag,单肩包
shoulder_blades,肩胛骨
shoulder_carry,肩扛动作
shoulder_cutout,肩部镂空剪裁
shoulder_holster,肩挂枪套
shoulder_pads,垫肩服饰
shoulder_tattoo,肩部纹身
shouting,呼喊表情
shovel,铲子
shower_head,花洒
showering,淋浴动作
showgirl_skirt,展会女郎装束
shrimp,虾
shrine,神社场景
shrug_(clothing),露肩罩衫
shuriken,手里剑
shushing,噤声手势
shuuchiin_academy_uniform,秀知院学园制服
shuujin_academy_uniform,秀尽学院制服
sick,病弱状态
sickle,镰刀
side_braid,单侧麻花辫
side_braids,双侧麻花辫
side_bun,披在两侧的发髻
side_cutout,侧边镂空服饰
side_slit,侧开衩
sideboob,侧乳露出
sideburns,鬓角
side-by-side,并排构图
sideless_outfit,无侧片服饰
sidelocks,侧发绺
sidesaddle,侧鞍骑乘
side-tie_bikini,侧边系带比基尼
side-tie_leotard,侧系带体操服
side-tie_panties,侧系带内裤
sideways_glance,侧目而视
sideways_hat,歪戴帽子
sideways_mouth,侧面嘴型
sigh,叹气符号
sign,标识文字
signature,签名
silent_comic,默剧漫画
silk,丝绸材质
silver_trim,银色镶边
simple_background,简约背景
simplified_chinese_text,简体中文
singing,歌唱动作
single_bare_shoulder,单肩裸露
single_boot,单靴未穿
single_braid,单股麻花辫
single_detached_sleeve,单侧脱袖
single_earring,单边耳环
single_elbow_glove,单肘长手套
single_gauntlet,单臂铠
single_glove,单只手套
single_hair_intake,单侧发流缺口（如初音未来）
single_head_wing,单侧头翼
single_horn,独角
single_kneehigh,单腿及膝袜
single_leg_pantyhose,单腿连裤袜
single_pantsleg,单侧裤管
single_shoe,单鞋脱落
single_sleeve,单袖设计
single_sock,单只短袜
single_strap,单肩带
single_thighhigh,单腿大腿袜
single_vertical_stripe,单道竖纹
single_wing,单翼
sink,洗手池
sitting_on_bed,坐在床上
sitting_on_desk,坐桌沿上
sitting_on_face,颜面骑乘
sitting_on_lap,坐大腿上
sitting_on_person,人体坐垫姿势
sixteenth_note,十六分音符
size_difference,体型差
skateboard,滑板
skates,冰刀滑鞋
skeleton,骨骼结构
sketchbook,素描本
skewer,烤串签
skin_fang,皮肤虎牙
skin_tight,紧身衣显身形
skin-covered_horns,皮质包覆角
skindentation,衣物勒痕
skirt,短裙
skirt_around_one_leg,单腿绕裙
skirt_basket,裙摆兜状造型
skirt_flip,裙摆翻飞
skirt_hold,提裙摆
skirt_pull,拉裙动作
skirt_removed,脱下的短裙
skirt_set,套装短裙
skirt_suit,职业短裙装
skirt_tug,拽裙摆动作
skull,骷髅元素
skull_and_crossbones,骷髅交叉骨标志
skull_earrings,骷髅耳饰
skull_hair_ornament,骷髅头饰
skull_necklace,骷髅项链
skull_print,骷髅图案
sky,天空背景
skyline,天际线景观
skyscraper,摩天大楼
slap_mark,掌掴红印
slapping,掌掴动作
slashing,劈砍动作
sleep_molestation,睡眠侵犯
sleeping_upright,直立睡眠
sleepwear,睡衣装扮
sleepy,困倦表情
sleeve_cuffs,袖口设计
sleeveless,无袖款式
sleeveless_dress,无袖连衣裙
sleeveless_hoodie,无袖帽衫
sleeveless_jacket,无袖夹克
sleeveless_kimono,无袖和服
sleeveless_shirt,无袖衬衫
sleeveless_turtleneck,无袖高领衫
sleeves_folded_up,叠起来的袖子
sleeves_past_fingers,超长袖掩手
sleeves_past_wrists,过腕衣袖
sleeves_pushed_up,推袖至肘
sleeves_rolled_up,卷袖造型
sliding_doors,日式拉门
slim_legs,纤细双腿
slime,史莱姆
slime_girl,史莱姆娘
sling,枪支的吊带
slingshot_swimsuit,V型吊带泳衣
small_breasts,贫乳
small_nipples,娇小乳头
smartphone,智能手机
smell,气味表现
smile,微笑表情
smiley_face,笑脸符号
smirk,得意坏笑
smoke,烟雾效果
smokestack,工业烟囱
smoking,吸烟动作
smoking_gun,枪口硝烟
smug,自得神情
snack,零食
snail,蜗牛
snake,蛇类
snake_hair,蛇发
snake_hair_ornament,蛇形发饰
snake_tail,蛇尾
sneakers,运动鞋
sneezing,打喷嚏
sniper_rifle,狙击步枪
snorkel,呼吸管
snot,鼻涕
snout,动物口鼻部
snow,雪景
snow_bunny,雪兔
snowball,雪球
snowflake_hair_ornament,雪花发饰
snowflake_print,雪花印花
snowflakes,雪花
snowing,下雪
snowman,雪人
soaking_feet,泡脚
soap,肥皂
soap_bubbles,肥皂泡
soap_censor,肥皂泡遮挡
soccer,足球运动
soccer_ball,足球
soccer_uniform,足球服
sock_garters,袜子吊袜带
sock_pull,提袜动作
socks_removed,脱袜子
soda,苏打汽水
soda_bottle,汽水瓶
soda_can,苏打铝罐
sode,当世袖
soldier,士兵
soles,足底
solid_circle_eyes,实心圆眼
solid_oval_eyes,实心椭圆眼
solo_focus,单人特写
song_name,歌曲名
sorcerer's_sutra_scroll,大空卷轴（《火影忍者》）
soul_gem,灵魂宝石
sound_effects,音效符号标注
soup,汤品
soviet,苏联元素
space,太空场景
space_craft,宇宙船
spacesuit,宇航服
spade_(shape),黑桃符号
spaghetti,意大利面
spaghetti_strap,细吊带
spandex,氨纶面料
spanking,打屁股行为
sparkle,星形闪光
sparkle_background,星光背景
sparkling_eyes,闪亮眼眸
sparks,火星飞溅
sparrow,麻雀
spatula,锅铲
spaulders,护肩
speaker,扬声器
spear,长矛
spear_the_gungnir,冈格尼尔神枪
special_feeling_(meme),雪中打伞的恋人梗
speech_bubble,对话气泡
speed_lines,极速流线
spell_card,符卡（东方Project）
sphere,法球|水晶球
spider,蜘蛛
spider_girl,蜘蛛娘
spider_lily,曼珠沙华
spider_web,蛛网
spider_web_print,蛛网纹样
spiked_bracelet,铆钉手镯
spiked_club,狼牙棒
spiked_collar,钉刺项圈
spiked_hair,蓬松刺猬头
spiked_shell,尖刺甲壳
spiked_tail,尖刺尾巴
spikes,尖刺元素
spill,液体泼洒
spilling,液体泼洒动态
spine,脊椎线条
spinning,旋转动态
spiral_eyes,漩涡眼
spirit,灵体
spit_take,喷水震惊
spitroast,上下启口
spitting,吐口水
splashing,水花飞溅
splattershot_(splatoon),泼溅枪（斯普拉遁）
split,分裂状态
split_ponytail,分叉马尾
split_screen,分屏画面
spoken_anger_vein,青筋对话框
spoken_blush,脸红对话框
spoken_ellipsis,省略号对话框
spoken_exclamation_mark,感叹号对话框
spoken_heart,爱心对话框
spoken_interrobang,疑问感叹对话框
spoken_musical_note,音符对话框
spoken_object,物品拟声气泡
spoken_question_mark,问号对话框
spoken_squiggle,波浪线对话框
spoken_sweatdrop,冷汗对话框
sponge,海绵
spoon,汤匙
spoon_in_mouth,嘴里含着勺子
sports_bikini,运动款比基尼
sports_bra,运动胸罩
sportswear,运动服饰
spot_color,局部上色
spotlight,聚光效果
spread_anus,张开肛门
spread_arms,展开双臂
spread_ass,摊开屁股
spread_fingers,张开手指
spread_legs,开腿姿势
spread_pussy,掰开小穴
spread_pussy_under_clothes,着衣掰开小穴
spread_toes,脚趾张开
spreader_bar,调教用的撑杆
spring_(season),春季
spring_onion,大葱
square_4koma,方块四格漫画
squatting,工口蹲踞
squid,乌贼｜鱿鱼
squidbeak_splatoon,喷射战士乌贼军团
squiggle,波浪形牢骚符号
squirrel,松鼠
squirrel_ears,松鼠耳
squirrel_tail,松鼠尾巴
st._gloriana's_(emblem),圣葛罗莉安娜女学园校徽
st._gloriana's_military_uniform,圣葛罗莉安娜军装
st._gloriana's_school_uniform,圣葛罗莉安娜女学校服
staff,法杖
staff_(music),工作人员（音乐领域）
stage,舞台
stage_lights,舞台灯光
stain,污渍
stained_glass,彩色玻璃
stairs,阶梯
stand_(jojo),替身（JOJO的奇妙冒险）
standing,站立姿势
standing_on_liquid,液体表面站立
standing_on_one_leg,金鸡独立
standing_sex,站立后入体位
standing_split,站立劈叉｜垂直抬腿
star_(sky),星辰（天体）
star_(symbol),星形符号
star_choker,星形颈饰
star_earrings,星形耳环
star_guardian_(league_of_legends),星之守护者（英雄联盟）
star_hair_ornament,星形发饰
star_in_eye,瞳孔星芒特效
star_necklace,星形项链
star_of_david,大卫之星
star_pasties,星形乳贴
star_print,星形印花
starfish,海星
staring,凝视｜直视
starlight_academy_uniform,星光学园制服
starry_background,星空背景
starry_sky,星空场景
starry_sky_print,星空图案印花
star-shaped_pupils,星形瞳孔
starter_pokemon,宝可梦御三家
starter_pokemon_trio,初始宝可梦御三家
stationary_restraints,固定拘束装置
stats,状态栏
statue,雕像
stealth_sex,隐密性行为
steam,蒸汽
steam_censor,蒸汽遮挡
steaming_body,发情体热
steampunk,蒸汽朋克风格
steepled_fingers,指尖相触手势
steering_wheel,方向盘
stepped_on,踩踏动作
stethoscope,听诊器
stick,木棍｜棒状物
stick_poster,海报
sticker,贴纸
stile_uniform,女侍从制服
stiletto_heels,细高跟
stirrup_legwear,马镫式袜套
stitches,缝合线迹
stomach,腹部
stomach_bulge,腹部隆起
stomach_tattoo,腹部纹身
stone,石头
stone_lantern,石灯笼
stool,圆凳
storefront,店铺门面
stove,炉灶
straddling,骑乘式跨坐
straight_hair,笔直顺滑发型
straitjacket,束缚衣
strangling,扼颈动作
strap,承重吊带
strap_between_breasts,乳间绑带
strap_gap,低覆盖细肩带胸罩
strap_lift,肩带上提动作
strap_slip,肩带滑落（走光状态）
strapless,无肩带款式
strapless_bikini,无肩带比基尼
strapless_bra,无肩带文胸
strapless_dress,抹胸连衣裙
strapless_leotard,无肩带体操服
strap-on,穿戴式假阳具
strappy_heels,绑带高跟凉鞋
straw_hat,草编宽檐帽
strawberry,草莓元素
strawberry_hair_ornament,草莓造型发夹
strawberry_panties,草莓印花内裤
strawberry_print,草莓图案印花
strawberry_shortcake,草莓奶油蛋糕
stray_pubic_hair,残留阴毛
streaked_hair,条纹挑染发色
stream,流体动态
streaming_tears,泪流满面
street,街景背景
stretch,做伸展运动|伸懒腰
striker_unit,强袭型外骨骼
string,细绳元素
string_bikini,系绳式比基尼
string_of_fate,命运之弦(Fate)
string_of_flags,连串旗帜装饰
string_panties,系带内裤
striped,条纹样式的
striped_background,条纹纹理背景
striped_bikini,条纹比基尼
striped_bow,条纹蝴蝶结
striped_bra,条纹文胸
striped_dress,条纹连衣裙
striped_gloves,条纹手套
striped_hoodie,条纹连帽衫
striped_kimono,条纹和服
striped_legwear,条纹裤袜
striped_neckwear,条纹领子
striped_pants,条纹长裤
striped_ribbon,条纹缎带
striped_scarf,条纹围巾
striped_shirt,条纹衬衫
striped_shorts,条纹短裤
striped_skirt,条纹半身裙
striped_sleeves,条纹袖管
striped_sweater,条纹针织衫
striped_swimsuit,条纹泳衣
striped_tail,条纹动物尾
stripper_pole,钢管舞杆
stubble,胡茬造型
stuck,壁尻体位
stud_earrings,耳钉饰品
studded_belt,铆钉皮带
stuffed_animal,毛绒玩偶
stuffed_bunny,兔子玩偶
stuffed_toy,填充玩具
style_parody,画风模仿
stylus,数绘笔
submachine_gun,微型冲锋枪
submerged,水中浸没
subtitled,字幕显示
succubus,魅魔
suction_cups,吸盘结构
sugar_cube,方糖块
suggestive_fluid,体液暗示
suit_jacket,正装西装外套
suitcase,复古手提箱
sukusuku_hakutaku,白泽幼兽（东方Project）
summer,夏季主题
summer_festival,夏日祭典
sun,太阳图示
sun_hat,遮阳草帽
sunbeam,光束穿透效果
sunburst,放射状光芒
sundae,冰淇淋圣代
sundress,吊带太阳裙
sunflower,向日葵元素
sunflower_hair_ornament,向日葵头饰
sunglasses,通用款墨镜
sunlight,日照光影
sunrise,破晓场景
sunscreen,防晒霜涂抹
super_crown,超级王冠（马里奥）
super_robot,巨型机甲
super_saiyan,超级赛亚人形态
super_soaker,强力水枪
superhero,美漫英雄装束
suppressor,枪械消音器
surcoat,中世纪罩袍
surfboard,冲浪板道具
surgical_mask,医用外科口罩
surprise_kiss,惊喜之吻
surprised,惊讶表情
surreal,超现实风格｜荒诞感
survey_corps_(emblem),调查兵团团徽（进击的巨人）
sushi,寿司食物元素
suspended_congress,火车便当体位（男站姿托抱式）
suspender_shorts,背带短裤
suspender_skirt,背带裙装
suspenders,背带裤配件
suspension,悬吊式拘束
swastika,卍
sweat,汗液表现
sweatband,运动吸汗头带
sweatdrop,汗滴符号（漫画式）
sweater,针织毛衣
sweater_around_waist,毛衣围系腰间
sweater_dress,毛衣裙装
sweater_vest,针织马甲
sweating_profusely,大汗淋漓
sweatshirt,长袖运动卫衣
sweet_potato,红薯食物元素
sweets,甜食元素
swept_bangs,侧扫刘海
swim_briefs,三角泳裤
swim_cap,硅胶泳帽
swim_trunks,四角泳裤
swimming,游泳场景
swimsuit_aside,泳装侧拉露阴
swimsuit_of_perpetual_summer,常夏的泳衣(fgo学妹灵衣)
swimsuit_pull,扯下泳衣
swimsuit_under_clothes,里面穿着泳衣
swimwear,泳衣
swing,摆动动态
swirl_lollipop,螺旋纹棒棒糖
sword,冷兵器刀剑
sword_of_hisou,绯想之剑（东方Project）
sword_over_shoulder,扛剑动作
symbol_in_eye,眼内符号
symbol-shaped_pupils,符号形瞳孔
symmetrical_docking,胸部对挤
symmetry,对称构图
syringe,医用注射器
tabard,纹章罩袍（中世纪）
tabi,足袋
table,桌面场景
tablecloth,桌布元素
tablet_pc,平板电脑设备
tachi-e,立绘形式（游戏CG）
tail_bell,尾端铃铛
tail_between_legs,夹尾动作
tail_bow,尾巴蝴蝶结
tail_censor,尾巴打码
tail_grab,抓尾动作
tail_hug,抱着尾巴
tail_ribbon,尾端系带
tail_wagging,摇尾动态
tailcoat,燕尾礼服
take_your_pick,选择困难表情
taking_picture,拍摄动作
takoyaki,章鱼烧
talisman,符咒道具
talking,对话框台词
talking_on_phone,通话场景
tally,正字计数
talons,猛禽利爪
tam_o'_shanter,苏格兰贝雷帽
tambourine,铃鼓乐器
tan,日晒色
tan_background,棕褐色背景
tanabata,七夕元素
tangzhuang,中式唐装
tank,坦克载具
tank_top,工字背心
tankini,分体式泳衣
tantou,日式短剑
tanuki,狸猫形象
tanzaku,七夕短册
tape,胶带元素
tape_gag,封口胶带拘束
tapir_tail,貘型尾巴
tareme,下垂眼（无辜眼）
tarot,塔罗牌元素
tassel,穗饰元素
tasuki,日式襷带（和服配件）
tatami,榻榻米场景
tate_eboshi,立乌帽子（平安时代）
taut_clothes,紧绷衣物
taut_dress,绷紧连衣裙
taut_shirt,紧绷衬衫
tea,茶元素
tea_set,茶道套具
teacher,教师角色
team_9,⑨之组（东方Project）
team_rocket,火箭队（宝可梦）
teamwork,多人侍奉
teapot,日式急须茶壶
teardrop,泪滴符号
tearing_clothes,衣物撕裂状态
tearing_up,含泪欲泣
teasing,戏弄
teddy_bear,泰迪熊玩偶
teenage,青少年|青少年化
teeth,牙齿特写（复数）
tegaki,Tegaki手写体（日本博客平台）
telekinesis,念力操控
telephone_pole,弱电柱|通信电塔
telescope,天文望远镜
television,电视机道具
telstar,泰事达足球（经典黑白块设计）
tempura,天妇罗料理
tengu,天狗（日本妖怪）
tengu_mask,赤鼻天狗面具
tengu-geta,天狗齿木屐
tennis_ball,网球道具
tennis_racket,网球拍
tennis_uniform,网球运动服
tent,露营帐篷
tentacle_hair,触手状发型
tentacle_sex,触手侵犯
tentacles,触手生物
tentacles_under_clothes,衣物内触手蠕动
teruterubouzu,晴天娃娃挂饰
test_plugsuit,测试用插入栓驾驶服（EVA）
test_tube,玻璃试管
testicles,睾丸裸露
text_focus,文字焦点设计
text_only_page,纯文字的图
thai_text,泰语文字
thank_you,致谢插画
the_pose,趴地翘臀
theft,盗窃
themed_object,主题象征物
thermometer,温度计道具
thermos,保温瓶
they_had_lots_of_sex_afterwards,之后干了个爽
thick_eyebrows,浓密眉毛
thick_thighs,肉腿
thigh_boots,高筒皮靴
thigh_grab,抓握大腿动作
thigh_holster,大腿枪套
thigh_pouch,腿挂工具包
thigh_ribbon,大腿缎带装饰
thigh_sex,腿间摩擦肉棒
thigh_strap,大腿绑带
thighband_pantyhose,带腿环的连裤袜
thighhighs_pull,提拉袜口动作
thighhighs_under_boots,靴内过膝袜
thighlet,大腿局部特写
thinking,思考表情
third_eye,额头第三只眼
thong_bikini,丁字比基尼下装
thong_leotard,丁字连体衣
thorns,荆棘元素
thought_bubble,思想气泡框
thread,缝纫线元素
three-dimensional_maneuver_gear,立体机动装置（进击的巨人）
threesome,3P
throne,王座
through_clothes,隔着衣物爱抚
through_wall,壁尻
thrusters,推进装置
thumb_ring,拇指戒指
thumbs_up,点赞手势
tickling,挠痒痒
tie_clip,领带夹
tied_hair,扎好的头发
tied_shirt,衣角打结
tied_up,捆绑
tiered_tray,多层托盘
tiger,虎
tiger_ears,虎耳
tiger_print,虎纹印花
tiger_tail,虎尾
tight,衣物紧紧的
tight_pants,紧身长裤
tiles,瓷砖元素
tilted_headwear,歪戴头饰
time_paradox,时间悖论
timestamp,时间标记
tinted_eyewear,有色护目镜
tiptoes,踮脚姿势
tire,轮胎
tissue,纸巾
tissue_box,抽纸盒
title,标题文本
title_parody,标题戏仿
toast,烤面包片
toast_in_mouth,叼面包片
toe_scrunch,蜷缩脚趾
toeless_boots,露趾靴
toeless_legwear,露趾袜裤
toenail_polish,脚趾美甲
toenails,脚趾甲特写
toe-point,趾尖|脚尖
toilet,马桶
toilet_paper,卫生纸
toilet_use,如厕场景
tokin_hat,头襟帽
tokisadame_school_uniform,时定高校制服
tokiwadai_school_uniform,常盘台校服
tokkuri,德利酒瓶
tomato,番茄元素
tomboy,假小子形象
tombstone,墓碑场景
tomoe_(symbol),巴纹符号
tomoeda_elementary_school_uniform,友枝小学制服
toned,匀称肌肉线条
toned_male,健硕男性
tonfa,拐棍武器
tongue_out,吐舌表情
tongue_piercing,舌钉饰品
too_many,过量元素堆砌
tools,工具套装
tooth,单颗牙齿特写
toothbrush,牙刷道具
top_hat,高顶礼帽
topless,上身赤裸
torch,火炬照明
torii,神社鸟居
torn_bodysuit,破损紧身衣
torn_gloves,破损手套
torn_jeans,破洞牛仔裤
torn_legwear,破损的裤袜
torn_leotard,破损连体衣
torn_panties,破损内裤
torn_pants,破损长裤
torn_scarf,破损围巾
torn_shirt,破损衬衫
torn_shorts,破损短裤
torn_sleeves,破损袖口
torn_swimsuit,破损泳衣
torogao,淫乱神情
torpedo,鱼雷装备
torso_grab,环抱躯干
torture,拷问场景
towel,毛巾道具
towel_around_neck,颈挂毛巾
tower,西式高塔建筑
town,城镇景观
toy,玩具元素
track_jacket,田径夹克
track_pants,田径长裤
track_suit,田径套装
trading_card,集换卡牌
traditional_chinese_text,繁体中文
traditional_clothes,传统服装|民族服装
traffic_cone,交通锥桶
traffic_light,交通信号灯
train,轨道交通
train_interior,列车内景
train_station,火车站场景
training_bra,训练胸衣
training_corps_(emblem),训练兵团徽章
trait_connection,特质关联
transformation,变身过程表现
transparent,全透明状态
transparent_background,透明背景
transparent_umbrella,透明雨伞
trash_can,垃圾桶
tray,托盘
treasure_chest,宝箱
treble_clef,高音谱号
tree,树木
tree_branch,树枝
tree_shade,树荫
tree_stump,树桩
trembling,颤抖状态
trench_coat,风衣外套
tress_ribbon,发束缎带
tri_tails,三股发尾
trial_captain,道馆馆主
triangle,三角形
triangle_mouth,三角嘴型
triangular_headpiece,三角头饰
tribal,部落风格
trick_or_treat,不给糖就捣蛋（万圣节）
trick_or_treatment,紫绿相间的胶衣比基尼
trident,三叉戟武器
triforce,三角神力（塞尔达传说）
trigger_discipline,扳机手指规范
trigram,八卦符号
tripping,绊倒动作
troll_face,嘲讽脸
trolling,恶搞行为
tropical_drink,热带风味饮品
trumpet,小号乐器
truth,真实传递
tsab_ground_military_uniform,时空管理局地面军服（魔法少女奈叶）
t-shirt,T恤
tsundere,傲娇属性
tube,管状物
tubetop,直筒式抹胸
tulip,郁金香元素
tunic,束腰外衣（中世纪）
turban,包头巾（中东风格）
turn_pale,面色惨白
turnaround,角色三视图
turret,炮塔装置
turtle,龟类生物
turtleneck,高领衣物
turtleneck_sweater,高领毛衣
tusks,獠牙（象类特徵）
tuxedo,男士晚礼服
twilight,暮光场景
twin_drills,螺旋双马尾
twincest,双胞胎乱伦
twins,双胞胎角色
twisted_torso,身体扭曲姿势
twitching,肌肉抽搐
twitter_username,推特用户名
two_side_up,双股小辫
two_tails,双尾生物
two-footed_footjob,双足足交
two-handed,双手持物
two-handed_handjob,双手手交
two-sided_fabric,双面布料设计
two-tone_background,双色背景
two-tone_hair,双色发型
two-tone_hairband,双色发带
two-tone_skin,双色皮肤（异种）
tying,绑系动作
tying_hair,束发动作
typo,拼写错误
u.a._school_uniform,雄英高中校服（我的英雄学院）
uchikake,白无垢
uchiwa,团扇道具
ufo,飞碟
ugly_man,相貌丑陋男性
ultra_beast,超级怪兽
unaligned_breasts,乳房不对称
unbuttoned,纽扣解开
unbuttoned_shirt,开襟衬衫
unconscious,昏迷状态
under_covers,被褥覆盖
under_kotatsu,被炉取暖
under_table,桌下场景
underboob,下乳裸露
underboob_cutout,下乳镂空设计
underbust,胸下束带
undercut,铲青发型
under-rim_eyewear,下框半镜
undershirt,打底汗衫
undersized_clothes,紧身小码服装
underwater,水下场景
underwear_only,仅穿内衣
undone_necktie,松垮领带
uneven_eyes,大小眼（不对称眼睛）
uneven_twintails,双马尾不对称
unicorn,独角兽
union_jack,英国米字旗
unitard,舞蹈连体衣
unmoving_pattern,静态重复花纹
unsheathing,拔刀动作
untied,解开的衣物|没穿好的衣物
untied_bikini,松开的比基尼系带
untucked_shirt,衬衫未扎入
untying,解系动作
unzipped,拉链未拉
unzipping,拉下拉链的动作
updo,精致编发造型
upper_body,上半身特写
upper_teeth,露出上排牙齿
upright_straddle,直立式跨坐
upshirt,衬衫下视角
upshorts,短裤下视角
upside-down,倒置姿势
upskirt,裙底视角
uranohoshi_school_uniform,浦之星女学院校服（LoveLive!Sunshine!!）
urethra,尿道部位
urethral_insertion,尿道插入
used_condom,使用过的避孕套
used_tissue,用过的纸巾
ushanka,俄罗斯毛皮帽
uterus,子宫解剖结构
utility_belt,工具腰带
uvula,悬雍垂
uwabaki,室内便鞋
v,比V
v_arms,V字手臂姿势
v_over_eye,眼旁比V
vacuum_cleaner,吸尘器道具
vaginal,阴道相关
vaginal_object_insertion,阴道异物插入
valkyrie,女武神形象
vambraces,前臂护甲
vanishing_point,透视消失点
varia_suit,萨姆斯强化服（银河战士）
variable_fighter,可变式战斗机（超时空要塞）
variations,多形态对比图
vase,花瓶道具
vastaya,瓦斯塔亚人
vaulting_horse,鞍马器械
vegetable,蔬菜元素
vehicle_focus,载具主体构图
veil,头纱
veins,静脉显露
veiny_penis,阴茎静脉凸起
vending_machine,自动贩卖机
venus_symbol,♀
veranda,日式缘廊
vertical_stripes,竖条纹
vertical-striped_bikini,竖条纹比基尼
vertical-striped_dress,竖条纹连衣裙
vertical-striped_legwear,竖条纹裤袜
vertical-striped_panties,竖条纹内裤
vertical-striped_shirt,竖条纹衬衫
vertical-striped_skirt,竖条纹半身裙
very_dark_skin,黑皮
very_short_hair,极短发
vest,工装背心
vial,药剂瓶
vibrator_under_clothes,衣物内穿戴跳蛋
vibrator_under_panties,内裤内藏跳蛋
video_game,电子游戏
viewfinder,取景器
vines,藤蔓
violin,小提琴
virgin_killer_outfit,处男杀手服装
virgin_killer_sweater,处男杀手毛衣
virtual_youtuber,虚拟YouTuber
visible_air,被画出的空气
visor,面罩|遮阳帽舌|遮阳板
visor_cap,遮阳帽
visual_novel,视觉小说
v-neck,V领
vocaloid_append,V家歌手的头戴设备
voile,薄纱
volleyball,排球
volleyball_uniform,排球运动服
vore,丸吞
voyakiloid,弱音(歌手)
v-shaped_eyebrows,V形眉毛
w,手指比W手势
w_arms,双臂摆W形
wa_lolita,和风萝莉
wa_maid,和风女仆
wading,涉水
wading_pool,充气戏水池
wagashi,日式点心
waist_apron,服务员围裙
waist_bow,腰前蝴蝶结
waist_cape,腰饰披肩
waistcoat,西装马甲
waiter,男服务员
waking_up,睡醒状态
wakizashi,胁差
walk-in,误入
walking,步行
walking_on_liquid,水上行走
wall,墙
wall_of_text,文字墙背景
wall_slam,壁咚
wallet,钱包
war,战争场景
wardrobe_error,着装失误
wardrobe_malfunction,服装走光
wariza,和式跪坐
warship,军舰
washing,清洗动作
watch,表
water,水元素
water_bottle,运动水壶
water_drop,水滴特效
water_gun,水枪玩具
watercolor_pencil_(medium),水彩铅笔
watercraft,水上载具
waterfall,瀑布景观
watering_can,浇花壶
watermark,半透明水印
watermelon,西瓜
watermelon_bar,西瓜冰棍
watson_cross,双腿交叉站姿
waves,波浪纹样
waving_arms,挥舞双臂
wavy_mouth,波浪形嘴
weapon,兵器
weapon_on_back,背负武器
weapon_over_shoulder,肩扛武器
web_address,网页链接
wedding,婚礼场景
wedding_band,左手无名指
wedding_ring,婚戒
wedgie,内裤嵌入肥臀/肥逼
weighing_scale,体重秤
weight_conscious,体重焦虑
werewolf,狼人形象
wet_clothes,湿透衣物
wet_hair,湿发造型
wet_panties,湿内裤
wet_shirt,湿衬衫
wet_swimsuit,湿泳装
wetsuit,湿式潜水衣
whale,鲸鱼图案
what_if,另一条世界线
wheel,轮子
wheelbarrow,独轮车
wheelchair,轮椅
when_you_see_it,隐藏梗元素
whip,皮鞭
whip_marks,鞭痕
whipped_cream,喷射奶油
whisk,打蛋器
whisker_markings,兽纹胡须
whiskers,动物胡须
whispering,耳语动作
whistle,哨子
whistle_around_neck,颈挂哨子
white_apron,白色围裙
white_background,纯白背景
white_belt,白色腰带
white_bikini,白色比基尼
white_bloomers,白色灯笼裤
white_blouse,白色上衣
white_bodysuit,白色连体衣
white_border,白边装饰
white_bow,白色蝴蝶结
white_bra,白色文胸
white_camisole,白色吊带背心
white_cape,白色披风
white_capelet,白色短斗篷
white_cardigan,白色开衫
white_cat,白猫
white_choker,白色颈链
white_coat,白色大衣
white_collar,白色衣领
white_day,白色情人节
white_dress,白色连衣裙
white_flower,白色花朵
white_footwear,白色鞋靴
white_gloves,白色手套
white_hairband,白色发箍
white_headband,白色头箍
white_headwear,白色头饰
white_hoodie,白色帽衫
white_jacket,白色夹克
white_kimono,白色和服
white_legwear,白丝袜
white_leotard,白色体操服
white_nails,白色美甲
white_neckwear,白色领子
white_outline,白描轮廓
white_pants,白色长裤
white_pupils,白瞳症
white_ribbon,白色缎带
white_rose,白玫瑰
white_sailor_collar,白色水手领
white_scarf,白色长围巾
white_scrunchie,白色发圈
white_serafuku,白色水手服
white_shirt,白衬衫
white_shorts,白色短裤
white_skin,雪白肌肤
white_skirt,白色半身裙
white_sleeves,白色袖管
white_suit,白色西装
white_sweater,白色毛衣
white_swimsuit,白色泳衣
white_tank_top,白色背心
white_theme,纯白主题
white_tiger,白虎（动物）
white_towel,白毛巾
white_vest,白色马甲
white_wings,白色羽翼
white-framed_eyewear,白框眼镜
wicked_dragon_witch_ver._shinjuku_1999,邪龙之魔女ver新宿1999
wide_face,宽脸化
wide_ponytail,蓬松马尾
wide_shot,全景镜头
wide_sleeves,广袖
wide_spread_legs,大张双腿
wide-eyed,圆睁双目
wife_and_wife,百合夫妻
wig,假发套
wind,气流特效
wind_chime,风铃
wind_lift,裙摆飞扬
winding_key,发条钥匙
windmill,风车磨坊
window,窗户
window_shade,窗影斑驳
windowboxed,套着画框(背景)
windsock,风向带|鲤鱼旗
wine_bottle,葡萄酒瓶
wine_glass,高脚杯
wing_collar,翼领衬衫
winged_footwear,飞翼鞋
winged_helmet,带翼头盔
wings,羽翼
winter,冬季
winter_clothes,冬装
wiping_tears,拭泪
wire,电线
wisteria,紫藤花
witch,女巫
witch_(madoka_magica),魔女（魔法少女小圆设定）
witch_hat,尖顶魔女帽
wizard_hat,巫师尖帽
wolf,狼
wolf_ears,狼耳
wolf_girl,狼娘
wolf_tail,狼尾
wood,木质纹理
wooden_bucket,木桶
wooden_floor,木地板
wooden_sword,木刀
wooden_wall,木墙
world_war_ii,二战元素
wreath,花饰
wrench,扳手工具
wrestling,摔跤运动
wrestling_outfit,摔跤服
wrestling_ring,摔跤擂台
wringing_clothes,拧干衣物
wrist_grab,抓着手腕
wrist_ribbon,腕部系带
wrist_scrunchie,手腕发圈
wrist_wrap,布质护腕
wristwatch,腕表
writing,书写动作
wrong_feet,脚部作画错误
x_hair_ornament,X形发饰
x-ray,X光透视
yagasuri,箭羽纹（日式传统纹样）
yamakasa,山形花车
yandere,病娇属性
yaoi,男同向作品
yarn,毛线材质
yarn_ball,毛线球
yasogami_school_uniform,夜叉神高校制服
yawning,打哈欠
year_of_the_dog,犬年主题
year_of_the_pig,猪年主题
year_of_the_rat,鼠年主题
year_of_the_rooster,鸡年主题
yellow_apron,黄色围裙
yellow_background,黄色背景
yellow_bikini,黄色比基尼
yellow_bodysuit,黄色紧身衣
yellow_bow,黄色蝴蝶结
yellow_bra,黄色文胸
yellow_choker,黄色颈链
yellow_dress,黄色连衣裙
yellow_flower,黄色花朵
yellow_footwear,黄色鞋履
yellow_gloves,黄色手套
yellow_hairband,黄色发箍
yellow_headwear,黄色头饰
yellow_jacket,黄色夹克
yellow_kimono,黄色和服
yellow_legwear,黄色裤袜
yellow_leotard,黄色体操服
yellow_nails,黄色美甲
yellow_neckwear,黄色领子
yellow_panties,黄色内裤
yellow_ribbon,黄色缎带
yellow_rose,黄玫瑰
yellow_scarf,黄色围巾
yellow_sclera,黄色巩膜（眼白）
yellow_scrunchie,黄色发圈
yellow_shirt,黄色衬衫
yellow_shorts,黄色短裤
yellow_skin,黄肤色
yellow_skirt,黄色短裙
yellow_sweater,黄色毛衣
yellow_theme,黄色主题
yellow_vest,黄色马甲
yellow_wings,黄色羽翼
yellow-framed_eyewear,黄框眼镜
yes,yes
yes-no_pillow,Yes/No枕头
yin_yang,太极图
yordle,约德尔人（英雄联盟种族）
you_gonna_get_raped,怕不是要挨操
youkai,妖怪
younger,幼儿化
you're_doing_it_wrong,错误操作提示
yugake,弓道手套
yunomi,日式茶碗
zabuton,日式坐垫
zero_suit,Zero装束
zipper,拉链细节
zipper_pull_tab,拉链头
zombie,丧尸
zombie_pose,僵尸姿势
zouri,草履
z-ring,Z强力手环（宝可梦）
animalisation,动物化
foodification,食物化
furrification,兽化特征
anthropomorphism,拟人化
slimification,史莱姆化
vehicalization,载具化
zombification,僵尸化
adapted_outfit,原设服装改编
alternative_costume,角色换装
alternate_outfit,角色换装
alternative_hat,与原设不同头饰变化
alternate_hat,与原设不同头饰变化
alternative_headwear,与原设不同头饰变化
alternative_weapon,与原设不同武器变化
headwear_switch,头饰互换
hat_switch,头饰互换
no_glasses,去掉了(原设有的)眼镜
no_bandana,去掉了(原设有的)头饰
no_helmet,去掉了(原设有的)头饰
hatless,去掉了(原设有的)头饰
hat-less,去掉了(原设有的)头饰
exchanging_clothes,服饰互换
costume_swap,服饰互换
outfit_switch,服饰互换
modern_clothing,现代改编
costume_combination,服装组合
alternative_wings,与原设不同翅膀
no_fire,无火化
no_horn,无角化
no_tail,无尾状态
no_animal_ears,去掉了(原设有的)兽耳
no_mask,无面具状态
alternative_hair_color,与原设不同发色变化
alternate_haircolor,与原设不同发色变化
alternative_hairstyle,与原设不同发型变化
alternate_hair_style,与原设不同发型变化
alternative_hair_style,与原设不同发型变化
hairdown,披下来的头发
alternative_hair_length,与原设不同头发长度变化
alternative_eye_color,与原设不同瞳色
unusually_open_eyes,异常睁眼（非角色常态）
personality_swap,人格替换
light_persona,美化
alternate_colors,异色
alternative_color,异色
alternate_element,与原设不同元素
alternative_element,与原设不同元素
palette_swap,色调互换
age_comparison,年龄对比
aged_down,逆龄化
de-aged,年龄减少
aged_up,成年化
crossgender,性转
genderbend,性转
sex_change,性转
rule_63,性转
alternate_universe,平行宇宙
scenary,风景
scifi,科幻
sci-fi,科幻
futuristic,科幻
sci_fi,科幻
transparent_gif,透明背景
transparent_png,透明背景
sea,大海
magical_circle,魔法阵
magic_circles,魔法阵
magical_circles,魔法阵
valentines,情人节
valentine's_day,情人节
valentines_day,情人节
xmas,圣诞节
woods,森林/树
outside,户外
outdoor,户外
roof,屋顶
feather,场景飘羽毛
coffee_shop,咖啡厅
starbucks,星巴克
izakaya,居酒屋
class_room,教室
beautiful_detailed_water,漂亮的水
band-aid,创可贴
bandaids,创可贴
band_aids,创可贴
walking_stick,手杖
cuff,手枷
handcuff,警用手铐
shackle,宽手铐
manacles,宽手铐
tattoos,纹身
pareo,莎笼/沙滩浴巾
hands_and_knees,四肢趴地
all-fours,四肢趴地
on_all_fours,四肢趴地
bent-over,翘臀姿势
bending_over,翘臀姿势
bend_over,翘臀姿势
crossed_legs_(sitting),二郎腿
crossed_legs_(standing),二郎腿
crossed_legs_(lying),二郎腿
battle_stance,战斗姿态
hugging_own_legs,自抱双膝
knee_hug,抱腿
hugging_legs,抱腿
hugging_knees,抱腿
agura,盘腿
on_knees,下跪
raised_leg,抬一只脚
leg_raise,抬一只脚
leg_raised,抬一只脚
lying_down,躺着
laying_down,躺着
laying,躺着
lying_on_stomach,趴着
prone,趴着
on_belly,趴着
on_front,趴着
bridal_carry,公主抱
sitting_on_knees,正坐
sit,坐着
sitting_down,坐着
open_legs,张腿
spread_leg,张腿
squat,蹲下
crouched,蹲下
crouch,蹲下
crouching,蹲下
ass-up_head-down,趴着翘臀
face_down_ass_up,趴着翘臀
w_sitting,割坐
w-legs,割坐
w_legs,割坐
humpbacked,驼背
lying_on_back,仰躺
supine,仰躺
lying_on_side,侧卧
recline,斜倒斜躺姿势
sitting_in_lap,坐在大腿上
kneeling_on_one_leg,单膝跪
butterfly_pose,蝴蝶坐
figure_four_sitting,二郎腿
lotus_position,结跏趺坐
sitting_on,坐在人身上
thigh_straddling,大腿跨骑
thigh_straddle,大腿跨骑
on_one_foot,单腿站立
standing_on_one_foot,单腿站立
on_one_leg,单腿站立
balance,(保持)平衡的姿势
crawling,爬行动作
jump,跳跃
run,奔跑
wallwalking,走在墙顶上
prostration,土下座姿势
orz,失意体前屈/Orz
chest_stand,用胸支撑身体
cowering,抱头
crucifixion,磔
faceplant,脸贴地面
battoujutsu_stance,拔刀起手式
full_scorpion,头扑倒在地
stretching,伸展肢体动作
superhero_landing,三点着地
three-point_landing,三点着地
standing_on_hands,用手倒立
headstand,用头倒立
yoga,瑜伽
scorpion_pose,蝎子姿势
slouching,伛
one_leg_raised,抬起腿
knees-on-chest,膝盖顶到胸部
outstretched_leg,腿部伸展
splits,分开
pigeon_pose,鸽子姿势
boobs,胸部
tits,胸部
breast,胸部
pettanko,贫乳(A)
flat_chested,贫乳(A)
large_boobs,大胸(D)
large_tits,大胸(D)
large_breast,大胸(D)
big_breasts,大胸(D)
huge_tits,巨乳(E)
huge_boobs,巨乳(E)
gigantic_breast,魔乳(F)
bandage_bra,缠胸布
bandagebra,缠胸布
broach,胸针
chest_gem,胸前有宝石
strap_cleavage,乳房之间的带子
paisura,乳房之间的带子
headphones_on_breasts,耳机压胸
under_boob,南半球
underbreast,南半球
bandaid_on_nipples,乳头贴着创可贴
bandaids_on_nipple,乳头贴着创可贴
bandaid_on_nipple,乳头贴着创可贴
belt_bra,皮带胸衣
untied_bra,(前面)解开的胸罩
unhooked_bra,(前面)解开的胸罩
unfastened_bra,(前面)解开的胸罩
bra_down,拉下的胸罩
bra_off,摘下的胸罩
bra_padding,胸垫
breast_pads,胸垫
fake_breasts,胸垫
bra_stuffing,胸垫
breast_pad,胸垫
breast_stuffing,胸垫
chestplate,胸甲
breast_plate,胸甲
chest_plate,胸甲
breastless_bra,高露出度胸罩
nippleless_bra,高露出度胸罩
tube_top,筒状无袖上衣
nipple,乳头
puffy_nipple,大乳头
areolae_slip,乳晕微露
breast_to_breast,胸部贴着胸部
breasts_grab,揉胸
grabbing_breasts,揉胸
boob_grab,揉胸
holding_breasts,抱着胸部
head_in_breasts,头埋在胸里/洗面奶
breasts_squeeze,从两侧挤胸
breasts_against_glass,胸压玻璃
headboob,压在头上的乳房
tapioca_challenge,不用手喝珍珠奶茶挑战
breast_cover,遮着乳房
breast_covering,遮着乳房
handbra,遮着乳房
flat_grab,抓着贫乳
hand_up_shirt,手伸进衬衫下面
hand_in_shirt,手伸进衬衫下面
nipple_pinch,玩弄乳头
flat_envy,平胸歧视
breast_reduction,缩胸
bust_measuring,罩杯测量
breast_measuring,罩杯测量
flying_button,崩飞纽扣
convenient_breasts,自然的胸部
inconvenient_breasts,不自然的胸部
oversized_breast_cup,超大罩杯
weighing_breasts,测量乳房重量
areolas,乳晕
areola,乳晕
glands_of_montgomery,蒙哥马利腺体
big_areolae,大乳晕
large_areola,大乳晕
big_areola,大乳晕
back_boob,从背后可看到的胸部
perky_nipples,激凸的乳头/隐约可见的乳头
erect_nipple,激凸的乳头/隐约可见的乳头
erect_nipples,激凸的乳头/隐约可见的乳头
erect_nipples_under_clothes,激凸的乳头/隐约可见的乳头
sunken_nipples,内陷乳头
long_nipples,长乳头
nipslip,乳头走光
nippleslip,乳头走光
nip_slip,乳头走光
nippleless,没画出乳头
nipple_hair,乳头毛
side_boobs,侧乳
side_boob,侧乳
sideboobs,侧乳
boob_slip,胸部走光
breasts_out,胸部露出
breasts_out_of_clothes,胸部露出
breast_outside,露出一只乳房
asymmetrical_breasts,不对称的胸部
lopsided_breasts,不对称的胸部
floating_breasts,漂浮的乳房
hanging_boob,(俯身)双乳下垂
veiny_breasts,乳房静脉可见
pointy_breasts,尖挺乳房
very_perky_breasts,尖乳房
torpedo_breasts,尖乳房
nursing_bra,哺乳用文胸
shelf_bra,无顶文胸/露出乳头的胸罩
breastless_clothing,露胸的衣服
breast_curtain,胸帘
breast_veil,乳帘
chest_binder,平胸衬衫
cinderella_bust,Feast灰姑娘系列胸罩
tit_window,露出的乳沟
cleavage_window,露出的乳沟
heart_cleavage_cutout,露出的乳沟
boob_window,露出的乳沟
nipple_cutout,露乳设计
nippleless_clothing,能露出乳头的衣物
panties_on_breasts,在乳房上穿内裤
taut_blouse,绷紧的衬衫
breast_pillow,乳房枕头
face_to_breasts,埋胸
face_to_pecs,脸贴胸肌
breast_biting,咬胸
boob_chomp,咬胸
breastfeeding,哺乳姿势
breast_feed,哺乳
suckle,哺乳
nipple_biting,咬乳头
nipple_bite,咬乳头
licking_nipple,舔乳头
licking_nipples,舔乳头
breast_pull,拉胸
breast_punch,锤胸
breast_slap,拍胸
hand_in_bra,手在胸罩里
nipple_flick,拨动乳头
nipple_press,按乳头
nipple_push,压乳头
nipple_rub,揉搓乳头
nipple-to-nipple,乳头相接
card_between_breasts,卡片在乳沟里
arm_between_breasts,乳间夹臂
person_between_breasts,乳房夹人
tied_breast,绑起来的乳房
breast_mousepad,乳房鼠标垫
carried_breast_rest,拿着乳房
bust_cup,乳沟盛物
breast_cup,乳沟作杯子
breasts_cup,乳沟作杯子
alcohol_between_breasts,乳沟作杯子
cum_between_breasts,射在胸上
semen_on_breasts,射在胸上
cum_on_tits,射在胸上
food_on_breasts,乳上食物
object_on_breast,胸部置物
tawawa_challenge,tawawa挑战/用胸撑起平放的手机
object_on_pectorals,胸肌上有物体
oppai_challenge,欧派挑战
censoring,有码
censor,有码
uncensoring,无码
censor_bars,黑条打码
convenient_censorship,简单巧妙的打码
bubble_filter,泡泡打码
hair_on_breasts,头发披在胸上
hair_over_crotch,头发盖在胯下
hair_over_one_breast,单侧胸上垂发
convenient_bath_steam,蒸汽/雾气打码
convenient_tail,尾巴遮住三点/用尾巴打码
wing_censor,用翅膀打码
censor_wings,用翅膀打码
intimate_covering,自然的打码
clothes_in_front,衣服在前面挡着
mosaic_censor,马赛克
rough_censoring,马赛克
pixel_censor,马赛克
non-intimate_covering,不自然的打码
can't_show_this,不能显示这个
outside_of_play_area,离开了可游玩区域
treasure_mark_censor,宝藏标记打码
one_finger_selfie_challenge,单指自拍挑战
fake_censor,假打码
unnecessary_censorship,假打码
censored_food,打码食品
censored_violence,打码暴力行为
eye_censor,眼部打码
pointless_censorship,敷衍的打码
skyscrapers,摩天大楼
neon_lights,霓虹灯光
fences,栏杆
ruin,废墟
shops,商店
store,商店
buildings,建筑
wafuku,和服
traditional_japanese_clothes,和服
japanese_clothing,和服
body_suit,紧身衣
cheongsam,旗袍
qipao,旗袍
chinese_dress,旗袍
one-piece_dress,连衣裙
gym_clothes,运动服
pyjamas,睡衣
pajama,睡衣
pyjama,睡衣
sukumizu,学校泳衣
school_swimsuits,学校泳衣
seifuku,学校制服
school_uniforms,学校制服
schoolgirl,学校制服
school_girl,学校制服
seethrough,透明装
transparent_clothing,透明装
sheer_clothing,透明装
swimsuits,泳装
swim_suit,泳装
bathing_suit,泳装
mizugi,泳装
ripped_clothing,破烂衣服
torn_clothing,破烂衣服
ripped_clothes,破烂衣服
undergarments,内衣
uniforms,制服
goth,哥特风格
lolita,洛丽塔风格
nude_apron,裸体围裙
hadaka_apron,裸体围裙
nude_overalls,裸体工作服
nude_ribbon,裸体丝带
stripes,横条花纹
polka_dots,点状花纹
polka-dot,点状花纹
frill,皱边
ruffles,皱边
frilly,皱边
frilled,皱边
clothing_down,褪下衣物
open_yukata,敞开的和服
shoulderless_dress,无肩带连衣裙
summerdress,太阳裙/背心裙
sun_dress,太阳裙/背心裙
sheath_dress,包臀裙
half_apron,腰围裙
pettiskirt,蓬蓬裙
tutu,芭蕾舞短裙
organza_lace,透明硬纱/蕾丝花边
microbikini,迷你比基尼
seashell_bra,贝壳比基尼
seashell_bikini,贝壳比基尼
shell_bra,贝壳比基尼
sling_bikini,弹弓泳衣/吊带泳衣/V字泳衣
slingbikini,弹弓泳衣/吊带泳衣/V字泳衣
sling_swimsuit,弹弓泳衣/吊带泳衣/V字泳衣
armoured_dress,战甲裙
ballet_leotard,体操服
gymnast_leotard,体操服
open_back_dress,露背连衣裙
open-back_dress,露背连衣裙
open_back,露背装
backless,露背装
biker_suit,骑行套装
bike_suit,骑行套装
evening_dress,晚会礼服
gi,武道服
harem_clothes,舞娘服
varsity_jacket,棒球服
one-piece,一体式泳衣
sailor_uniform,水手服
sailor_suit,水手服
santa_suit,圣诞老人服装
santa_outfit,圣诞老人服装
straightjacket,拘束服
straight_jacket,拘束服
wedding_kimono,白无垢/日式嫁衣
gray_theme,灰色
cel_shading,卡通渲染
ff_gradient,最终幻想式渐变
inverted_colors,色彩反转
restricted_palette,色块风格
monochromatic,单色画
black_and_white,纯黑白色/黑白照片化/灰度
grayscale,纯黑白色/黑白照片化/灰度
greyscale_with_colored_background,黑白人物+彩色背景
colored_with_greyscale_background,有色角色与黑白背景
partially_monochrome,部分上色
muted_colors,哑光
neon_palette,霓虹色彩
pale_colors,苍白的颜色
pastel_colors,马卡龙色系
rainbows,彩虹
colorized,上色
spot_colors,黑白画中的少量颜色
bordered,边框
windowbox,边框
framed,画框
frame,画框
outside_of_border,一部分画到了背景框外面
out_of_border,一部分画到了背景框外面
cropped_background,一部分画到了背景框外面
fading_border,褪色边框
fading_borders,褪色边框
camera_frame,相机取景框
bust_chart,胸围图
breast_chart,胸围图
breast_comparison,胸围图
boob_chart,胸围图
character_chart,人设图
reference_sheet,角色设定图
diagram,图表
move_chart,动作演示图
relationship_graph,关系表
relationship_chart,关系表
seating_chart,座次表
cropped,遭到裁剪
fake_scrollbar,假的滚动条
eyes_out_of_frame,头部脱框
glitch,画面故障
isometric,等轴测图
letterbox,宽银幕格式
letter_boxed,宽银幕格式
pillarbox,柱状画布背景
line-up,一排人
line_up,一排人
mosaic_art,马赛克艺术
photomosaic,马赛克拼图
negative_space,大量留白
omake,附图
partially_underwater_shot,半水下镜头
social_media_composition,社交媒体整合
symmetrical,左右对称
polar_opposites,两极对称
trim_marks,裁剪标记
crop_marks,裁剪标记
zoomlayer,人物立绘缩放(剪影)图层
in_profile,侧脸
straight-on,正面视角
cropped_torso_upper_body,上半身出框
cropped_shoulders,截肩构图
cropped_arms,截臂构图
selfiemirror,自拍镜
staring_at_breasts,瞄着乳房
averting_eyes,视线回避
averted_eyes,移开视线
looking_over_shoulder,回眸
turning,回眸
looking_aside,看向侧面
looking_to_side,看向侧面
spying,偷窥(强调视角)
hand_pov,手伸来方向的视角
side_glance,轻轻向侧面瞥
back_focus,背景虚化
pov_ass,臀部焦点
foot_focus,足部聚焦
pov_feet,足部焦点
feet_focus,足部焦点
kemonomimi,动物耳朵
nekomimi,猫耳
inumimi,狗耳
dog_ear,狗耳
african_wild_dog_ears,狗耳
rat_ears,老鼠耳朵
pointed_ears,尖耳
pointy_ear,尖耳
elf_ears,尖耳
elven_ears,尖耳
long_ears,尖耳
heart_earring,心形耳环
hoop_earring,环状耳环
ear_ring,耳环
ear_rings,耳环
earring,耳环
crescent_earring,月牙耳环
tanuki_ears,浣熊耳朵
covering_ears,遮住耳朵
hands_over_ears,遮住耳朵
rabbit_ears,兔耳
deer_ears,鹿耳特征
reindeer_ears,鹿耳朵
ferret_ears,鼬耳朵
goat_ears,山羊耳
panda_ears,熊猫耳朵
pikachu_ears,皮卡丘耳朵
pig_ears,猪耳装饰
coyote_ears,狼耳朵
lensflare,镜头光晕
sparkles,闪耀效果
sparkling,闪耀效果
jpeg_artifacts,JPEG压缩失真
jpeg_artefacts,JPEG压缩失真
jpg_artifacts,JPEG压缩失真
blurred,模糊的
cinematic_lighting,电影光效
glowing_light,荧光
god_rays,自上而下的光
ray_tracing,光线追踪
reflection_light,反射光
overexposure,过曝
backlit,逆光
blending,渐变融合
caustic_lighting,焦散
chiaroscuro,明暗对比
chromatic_aberration_abuse,色差滥用
focus_blur,背景虚化
dithering,像素抖动
noise_(visual),胶片颗粒感/老电影滤镜
grainy,胶片颗粒感/老电影滤镜
lens_flare_abuse,镜头光晕滥用
anaglyph,互补色
stereogram,立体画
scanlines,扫描线
vignetting,晕影
make-up,浓装
make_up,浓装
food_on_cheek,食物在脸上
sniffing,闻
nose_bleed,鼻血
blood_from_nose,鼻血
bloody_nose,鼻血
gritted_teeth,咬牙
gritting_teeth,咬牙
sighing,叹气
smiling,微笑
:),微笑
:},微笑
faint_smile,浅笑
mad,生气的
anger,生气的
irritated,苦恼的
insane,疯狂的
yangire,疯狂的
embarrassing,尴尬的
embarrassment,尴尬的
blushing,脸红
flush,运动潮红
flushed,脸红
sadness,悲伤的
:(,皱眉/蹙额
frowning,皱眉/蹙额
:{,皱眉/蹙额
naughty_smile,下流的表情
tongues,舌头
drool,唾液
spit,唾液
finger_smile,用手指做出笑脸
lip_licking,舔嘴唇
ouch,疼痛
cry,哭
scream,尖叫/大声喊
fear,害怕的
afraid,害怕的
stern,严肃的
gloomy,消沉(表情)
jealousy,嫉妒的
flat_gaze,轻蔑的眼神
shaded,阴沉脸
pale_face,脸色苍白
emotionless,无口
neutral_expression,无口
unexpressive,无口
facial_expressions,表情
smiley,笑脸
doya-gao,得意脸
full_blush,整张脸泛红
panting,喘粗气
moan,呻吟
shocked,惊讶
shock,惊讶
surprise,惊讶
startled,惊讶
laugh,在笑的
naughty,下流的表情
troll,嚣张脸
saliva_string,唾液拉丝
flesh_fang,把嘴的一部分画成虎牙状
bulging_cheeks,鼓着腮帮
cheek_pinch,捏脸颊
pinching_cheeks,捏脸颊
cheek_poke,戳脸颊
poking_cheeks,戳脸颊
cheek_tug,扯脸颊
hands_over_eyes,遮住眼睛
hiding_mouth,挡住嘴巴
hands_over_mouth,挡住嘴巴
bared_teeth,牙
excited,兴奋状态
expressionless_eyes,失神
wide_eyed,睁大眼睛
:0,惊讶
:9,右上吐舌头
:b,右下吐舌头
hiding_face,挡住脸
gray_eyes,灰眼
odd_eye,异色瞳
red_eye,红眼
cat_eyes,竖瞳孔/猫眼
snake_eyes,竖瞳孔/猫眼
upturned_eyes,上挑眼型
eyes_wide,睁开眼睛
wide_eyes,睁开眼睛
shocked_eyes,睁开眼睛
rolled_eyes,眼睛抬头
eye_roll,眼睛抬头
furrowed_brow,眉头紧锁
furrowed_eyebrows,下眉毛
dashed_eyes,虚线眼
dash_eyes,黑眼圈中的水平线
line_in_eye,黑眼圈中的水平线
mismatched_pupils,双色瞳孔
asymmetrical_pupils,左右眼颜色不同
mismatched_sclera,异色巩膜
dead_eyes,眼睛没有亮点
dilated_pupils,瞳孔扩张
hollow_eyes,空洞眼瞳
contracted_pupils,瞳孔收缩
shrunk_pupils,瞳孔收缩
shrunk_eyes,瞳孔收缩
x-shaped_pupils,X形瞳孔
eye_reflection,瞳孔倒影
half_closed_eyes,眼睛半闭
cringe,闭一只眼
eyeballs,盯着看
tear,眼泪
gradient_eyes,渐变瞳色
half_closed_eye,半闭的眼睛(单眼)
sparkle_eyes,星星眼
glare,轻蔑/怒视
eye_lashes,睫毛
eye_through_hair,透过头发可以看到的眼睛
anger_mark,青筋
blush_sticker,表情贴纸
confused,困惑表情
determined,坚毅表情
disappointed,失望的
disdain,蔑视
disgust,厌恶表情
disgusted,恶心
despair,绝望
envy,嫉妒
evil,邪恶
frustrated,沮丧
guilt,有罪的
kubrick_stare,库布里克凝视
lonely,孤独的
rapeface,一副要强奸人的表情
depressed,抑郁状态
panicking,惊慌状态
panic,恐慌的
worried,担忧表情
tired,累
sulking,闷闷不乐
pensive,沉思的
upset,气愤
crazy_smile,癫狂笑容
forced_smile,勉强微笑表情
glasgow_smile,格拉斯哥微笑
sad_smile,苦笑
stifled_laugh,憋笑
^^^,惊讶的
color_drain,惊讶到掉色
horrified,恐惧表情
horror_(expression),恐惧表情
sobbing,啜泣
tremble,颤抖
shiver,颤抖
shivering,颤抖
uwu,猫脸
:/,斜嘴
:\,斜嘴
:|,无语
:c,伤心
:<>,张大嘴
vacuum_fellatio,:>=
blowjob_face,:>=
.3.,o3o
(-3-),嘟嘴
heart-shaped_eyes,爱心眼
heart_eyes,心形眼
heart_eye,心形眼
owata,\(^o^)/
cross-eyed,斗鸡眼
crossed_eyes,斗鸡眼
dot_mouth,圆点嘴
rectangular_mouth,方形嘴
:[],方形嘴
side_mouth,把嘴画在侧脸
cheek_mouth,把嘴画在侧脸
split_mouth,裂口
disconnected_mouth,裂开的嘴
amber_eyes,琥珀色眼
al_bhed_eyes,晕眼
swirly_eyes,晕眼
pac-man_eyes,吃豆人形眼
pacman_eyes,吃豆人形眼
goat_eyes,一字型瞳孔/蛙眼
frog_eyes,一字型瞳孔/蛙眼
star_eyes,加号型眼
starry_eyes,加号型眼
diamond-shaped_pupils,菱形瞳孔
flower-shaped_pupils,花形瞳孔
blue_sclera,蓝色巩膜（眼白）
bloodshot_eyes,赤红血瞳
bloodshot_eye,布满血丝的眼睛
green_sclera,绿色巩膜（眼白）
no_sclera,无眼白状态
orange_sclera,橙色巩膜
eye_circles,眼袋
eyebags,眼袋
dark_circles,眼袋
aegyo_sal,眼袋
bruised_eye,瘀伤的眼睛
black_eye,瘀伤的眼睛
flaming_eyes,燃烧的眼睛
burning_eyes,燃烧的眼睛
fiery_eyes,燃烧的眼睛
mako_eyes,魔眼
amphibian_eyes,两栖动物的眼睛
cephalopod_eyes,头足类眼型
octopus_eyes,头足类动物的眼睛
compound_eyes,复合眼
insect_eyes,复合眼
petal,花瓣
flowers,花
sakura_blossoms,樱花
cherry_trees,樱花
cherry_blossom,樱花
flowers_meadows,花田
checkerboard,格子的
everybody,所有人
group,所有人
high_res,高分辨率
hires,高分辨率
high_resolution,高分辨率
low_res,低分辨率
original_character,原创
masterpiece,杰作
best_quality,顶级质量
worst_quality,糟糕质量
low_quality,低质量
normal_quality,一般质量
extremely_detailed_cg_unity_8k_wallpaper,极高分辨率CG壁纸
illustration,插画
nsfw,不宜工作时观看
polygon,3D
3dcg,3D
animated,动图
animation,动图
animated_png,PNG动图
video,视频
webm,视频
mp4,视频
videos,视频
music_video,音乐视频
gif,GIF动图
non-repeating_animation,非循环动画
non-repeating_gif,非循环动画
looping_animation,循环播放动画
roulette_animation,轮转动画
archived_file,压缩包
comics,漫画
manga,漫画
1panel,单格漫画
4coma,四格漫画
borderless_panels,无边框漫画
left-to-right,从左往右读的漫画
right-to-left_comic,从右往左读的漫画
corrupted_file,损坏的文件
corrupted_image,损坏的文件
corrupted_video,损坏的文件
front_cover,封面
cd_cover,专辑封面
disc_cover,专辑封面
character_single,单人封面
book_cover,封面
video_game_cover,视频游戏封面
game_cover,视频游戏封面
manga_cover,漫画封面设计
fakeshot,(同人向玩梗向的)截图
gamecg,游戏CG
game_asset,游戏CG
gyotaku_(medium),鱼拓(介质)
icon,图标
kirigami,剪纸
line_art,线条艺术
no_line-art,几乎没用勾线的画
lineless,几乎没用勾线的画
outlines,角色形象有描边
outlined,角色形象有描边
tall_image,长图
wide_image,宽图
official_art,官方画作
phonecard,电话卡
papercraft,纸艺
paper_child,纸质角色
paper_cutout,纸艺模型
paper_cut-out,纸艺模型
postcard,明信片
poster,海报
revision,修正版
revised,修正版
scan,扫描件
anime_screencap,动画截图
screencap,动画截图
shitajiki,垫板
triptych_(art),三联画(艺术)
vector_trace,矢量画
trace,矢量画
vectortrace,矢量画
vector,矢量画
tileable,可平铺拼贴
widescreen,宽屏幕
official_wallpaper,官方壁纸图
hands_behind_back,手放在身后
arms_behind,手放在身后
raised_arms,双抬臂
arms_above,双抬臂
arms_raised,双抬臂
arms_above_head,双抬臂
hands_above_head,双抬臂
caramel_dansen,焦糖舞
hand_on_waist,单手插腰
hands_on_another's_breast,手放在另一人的胸前
hands_on_waist,双手叉腰
akimbo,双手叉腰
hold,拿着
holding_object,拿着
handholding,牵手
hand_holding,牵手
holding_another's_hand,牵手
the_finger,比出中指
flipping_off,比出中指
shh,嘘手势
shush,嘘手势
undress,脱衣服中
stripping,脱衣服中
strip,脱衣服中
v_sign,胜利手势
peace_sign,胜利手势
wave,招手
outstretched_hands,伸出手
hands_outstretched,伸出手
reach,伸手触及
arm_raised,单抬臂
raised_arm,单抬臂
one_arm_up,单抬臂
presenting_armpit,展示腋下
presenting_panties,展示内裤
hands_behind_head,手臂放头后
skirtlift,掀起裙子
skirt_up,掀起裙子
lifting_skirt,掀起裙子
mouth_to_mouth_feeding,共享食物/用嘴递食物
mouth-to-mouth_feeding,共享食物/用嘴递食物
adjusting_pantyhose,整理裤袜
adjusting_thighhighs,整理裤袜
arm_hold,抓住手臂
grabbing_arm,抓住手臂
hugging_arm,挽手
neck_hug,双手搂着脖子
beckon,招手
tummy_grab,捏着肚子
bikini_down,扯着比基尼
fondling_testicles,爱抚睾丸
ball_caress,爱抚睾丸
dog_pose,爪子姿势
convenient_head,挡住关键部位的头
folded_arms,交叉双臂
arms_folded,交叉双臂
cuddle,拥抱
snuggle,拥抱
dual_wield,双持
double_wield,双持
palm,以手掩面
grab,抓住/抓着
hair_twirl,手指卷着头发
hands_between_legs,手放在两腿之间
finger_in_panties,手伸进内裤里
finger_to_another's_chin,手托着对方的下巴
hand_on_another's,手接触到对方的脸
hand_on_knee,手放在自己的膝盖上
hand_on_belly,把手放在自己的肚子上
hand_on_own_belly,把手放在自己的肚子上
hand_on_stomach,把手放在自己的肚子上
hands_to_mouth,手朝向自己嘴
hands_to_own_mouth,手朝向自己嘴
hand_to_lip,手朝向自己嘴
hand_on_lips,手朝向自己嘴
raised_finger,食指抬起
finger_raised,食指抬起
necktie_pull,抓着领带
tiegrab,抓着领带
tie_grab,抓着领带
ok,OK手势
eye_rub,揉眼睛
wiping_eyes,揉眼睛
rubbing_eye,揉眼睛
grabbing_sheet,抓着床单
girls_are_praying,少女祈祷中
on_phone,打电话
yawn,打哈欠
pulling_another's_hair,抓着对方的头发
ear_cleaner,采耳
holding_glasses,拿着眼镜/正在摘眼镜
holding_sunglasses,拿着眼镜/正在摘眼镜
hand_on_ear,手放在耳朵上
adjusting_sunglasses,扶眼镜
adjusting_glasses,扶眼镜
hand_on_own_head,抱头动作
hand_on_own_forehead,自扶前额
hand_to_face,把手放在自己脸上
hand_on_face,把手放在自己脸上
hands_on_face,双手放在自己的脸上
hands_to_face,双手放在自己的脸上
hand_to_cheek,把手放在自己的脸颊上
hand_on_cheek,把手放在自己的脸颊上
hand_on_hat,手触碰帽子
hand_to_chest,把手放在自己的胸口
hand_to_own_chest,把手放在自己的胸口
hand_on_chest,把手放在自己的胸口
hand_on_own_shoulder,自搭肩膀
hand_on_own_ass,自摸臀部
hands_on_knees,双手放在自己的膝盖上
hand_on_another's_hand,叠手动作
air_quotes,引号手势
finger_quotes,引号手势
carry_me,抱着我手势
pick_me_up,抱着我手势
fists,紧握的双手
closed_fists,紧握的双手
clenched_fists,紧握的双手
cupping_hands,捧手姿势
cupped_hands,用手比作杯子
double_peace,双手比V
fidgeting,小动作不安
fidget,紧张手势
finger_counting,用手指比数字
finger_frame,手指取景框
finger_camera,用手指作相框
fist_bump,碰拳礼
brofist,碰拳
fistbump,碰拳
fist_in_hand,抱拳
hand_glasses,用手比作眼镜
own_hands_clasped,双手交叠姿势
clasped_hands,握住自己的双手
heart_arms,手臂摆出心的姿势
heart_hands_trio,三个人用手比心
high_five,击掌庆祝
highfive,击掌庆祝
horns_pose,用手比作角
horn_pose,用手比作角
noogie,双拳挤头
palm-fist_greeting,拱手礼
palm-fist_tap,拳头拍手掌/有主意了
penetration_gesture,插入手势/做爱示意
pinky_swear,勾指起誓
shadow_puppet,用手模仿其他物件/皮影戏
tsuki_ni_kawatte_oshioki_yo,代表月亮消灭你
in_the_name_of_the_moon,代表月亮消灭你
slit_throat_(gesture),割喉手势
throat-slitting_gesture,割喉手势
cutthroat_gesture,割喉手势
raised_pinky,伸出小拇指
extended_pinky,伸出小拇指
pov_pointing,指向看图的人
pointing_down,指向下方
pointing_forward,前指动作
pointing_skyward,向上指
pointing_to_the_sky,向上指
kamina_pose,抬高手臂向上指
saturday_night_fever,叉腰向上指(舞蹈)
disco_pose,叉腰向上指(舞蹈)
thumbs_down,大拇指向下
\n/,摇滚手势
crossed_fingers,手指交错
fox_hand_sign,狐狸手势
finger_heart,手指比心
inward_v,反向比V
shaka_sign,沙卡手势
two-finger_salute,双指敬礼（星际迷航）
\m/,6+1手势
middle_w,3手势
money_gesture,金钱手势
\||/,手掌贴墙
open_\m/,手掌贴墙
ohikaenasutte,要求自我介绍
straight-arm_salute,直臂敬礼/纳粹式敬礼
roman_salute,直臂敬礼/纳粹式敬礼
nazi_salute,直臂敬礼/纳粹式敬礼
vulcan_salute,瓦肯举手礼
clenched_fist,握紧的手
fist,握紧的手
closed_fist,握紧的手
fig_sign,Fig手势
hand_fig,Fig手势
fig_gesture,Fig手势
dulya,Fig手势
mano_fico,Fig手势
power_fist,力量手套
air_punch,举起的拳头
stroking_own_chin,抚腮思考动作
stroking_chin,扶颏冥想
cunnilingus_gesture,舔阴手势
handjob_gesture,打手枪手势
shocker_(gesture),爽歪歪(手势)
v_over_mouth,手比V遮嘴
air_guitar,空气吉他
curtsie,(女子的)屈膝礼
heart_tails,心形尾巴/心形尾尖/尾巴摆出心形
heart_tail_duo,两人尾巴摆出心形
kuji-in,九字真言结印
hand_seal,九字印
shrugging,耸肩动作
victory_pose,胜利手势
orchid_fingers,兰花指
multicolor_hair,多彩头发
yellow_hair,金发
blond,金发
blond_hair,金发
blonde,金发
gold_hair,金发
gray_hair,灰发
brunette,茶发
dirty_blonde,浅褐发
dark_hair,黑发
lavender_hair,紫发
redhead,红发
braids,辫子
braided_hair,辫子
hair_braid,辫子
curls,卷发
curtained_hair,帘式发型
twin_bun,双团子头
buns,双团子头
twin_buns,双团子头
hair_buns,双团子头
double_buns,双团子头
twindrills,双钻头卷
quad_drills,多钻头卷
side_drill,单侧螺旋卷
bangs_between_eyes,眼间刘海
hairbun,团子头
bun,团子头
single_hair_bun,单侧丸子头
hair_vents,进气口发型
himecut,姬发式
princess_cut,姬发式
morning_hair,凌乱发型
bed_head,凌乱发型
pony_tail,马尾
side_swept_bangs,朝一个方向的刘海
side_tail,侧马尾
sidetail,侧马尾
twinbraids,双辫子
twinbraid,双辫子
twin_braid,双辫子
twin_tails,双马尾
twintail,双马尾
hair_past_waist,很长的头发
pigtails,短双马尾
low_twin_braids,低位双麻花
dreadlocks,脏辫发型
hair_locs,脏辫
hair_loc,脏辫
cone_hair_bun,锥形发髻
hair_cones,锥形发髻
doughnut_hair_bun,甜甜圈发髻
donut_hair_bun,圆环发髻
heart_hair_bun,心形发髻
asymmetric_bangs,不对称刘海
forelocks,耳前发
single_sidelock,单侧垂鬓
hair_one_side_up,一侧绑发
hair_two_side_up,双侧绑发
space_hair,漂浮的头发
hair_blowing,漂浮的头发
hair_covering_eyes,头发遮着双眼
hair_over_eye,头发遮住了一只眼睛
shoulder-length_hair,中等长发
two_sides_up,小型双股辫
hair_past_feet,超长的头发
extremely_long_hair,超长的头发
single_hair_vent,单侧进气口发型
hair_ears,兽耳状发型
bald_girl,秃头女孩
buzz_cut,板寸发型
chonmage,丁髷
crew_cut,平头/板寸头
flattop,平顶
okappa,河童头
pixie_cut,精灵头
bobbed_hair,波波头
cornrows,玉米垄发型
mullet,鲻鱼头
bow-shaped_hair,弓形弯曲发束
bow_by_hair,弓形头发
bow_hair,弓形头发
front_braid,前辫
tri_braids,三股编发
quad_braids,四股辫
triple_bun,三发髻
hair_loop,发圈
hair_loops,发圈
hair_ring,发圈
single_hair_ring,单侧发环
low-braided_long_hair,低位编发
mizura,角发
nihongami,日本发
topknot,顶髻发型
top_knot,丸子头
triple-tails,有三股辫子
quin_tails,有五股辫子
huge_afro,超大鸟窝头
beehive_hairdo,蜂窝头
quiff,蓬松感油头
shouten_pegasus_mix_mori,昇天ペガサスMIX盛り
spiky_hair,刺刺的头发
widow's_peak,美人尖
antennae_hair,呆毛
double_ahoge,呆毛
comb_over,遮盖头发稀少部分
lone_nape_hair,孤颈毛
hair_bikini,头发比基尼
hair_scarf,头发围巾
tokin,东金帽子
mini_tophat,迷你礼帽
tiny_top_hat,迷你礼帽
nurse_hat,护士帽
hair_pin,发卡
hairpins,发卡
hair_band,头箍
hair_clip,发夹
hair_clips,发夹
hairclips,发夹
barrette,发夹
hair_ribbons,发带
flower_hair_ornament,发花
flower_in_hair,发花
hair_flowers,发花
hair_ornaments,头饰
hair_accessory,头饰
hair_accessories,头饰
bow_tie,蝴蝶领结
neck_bow,蝴蝶领结
hair_bows,蝴蝶结发饰
maid_headband,女仆头饰
maid_cachusha,女仆头饰
ribbons,丝带
shades,太阳镜
blindfolded,眼罩
eye_patch,单眼罩
masks,面具/眼罩/口罩
bells,铃铛
muffler,围巾
face_paint,面纹
devil_horns,恶魔的角
forehead_gem,额前有宝石
hair_bobble,头绳
ball_braids,头绳
hair_bells,头发上系着铃铛
hairbell,头发上系着铃铛
hairbells,头发上系着铃铛
bell_hair_ornament,头发上系着铃铛
heart-shaped_sunglasses,心形眼镜
heart-shaped_glasses,心形眼镜
rimless_glasses,无框眼镜
over-rim_glasses,下半无框眼镜
over_rim_glasses,下半无框眼镜
kamina_glasses,卡米纳墨镜
goggle_on_head,头上别着护目镜
goggles_on_hat,帽子上别着护目镜
goggles_on_helmet,帽子上别着护目镜
bandage_on,贴有绷带的脸
bandages_over_one_eye,缠着绷带的单眼
bandaged_eye,缠着绷带的单眼
eye_scar,眼睛上的疤痕
medical_mask,医用口罩
face_mask,口罩
spiral_glasses,厚如玻璃瓶底的圆眼镜
swirly_glasses,厚如玻璃瓶底的圆眼镜
kitsune_mask,狐狸面具
unmasked,摘下的面具
mask_off,摘下的面具
gas-mask,防毒面具
headphone,耳机
spike_collar,带钉项圈
witches_hat,女巫帽
wing_helmet,带翅膀的头盔
sailor_cap,水手帽
stocking_cap,圣诞帽
christmas_hat,圣诞帽
halter,绕颈系带
haltertop,绕颈系带
elbow_pad,护肘
glasses_on_head,眼镜别在头上
sunglasses_on_head,眼镜别在头上
hair_ties,发带
hairtie,发带
food-themed_hair_ornament,食物发饰
food_hair_ornament,食物发饰
lolita_headband,洛丽塔发带
feather_hair_ornament,羽饰发簪
hair_feathers,羽毛头饰
feather_in_hair,羽毛头饰
hair_feather,羽毛头饰
hair_leaf,叶发饰
treble_clef_hair_ornament,音符发饰
bass_clef_hair_ornament,音符发饰
fortissimo_hair_ornament,音符发饰
1girls,1个女人
2boy,2个男人
2_girls,2个女人
2girl,2个女人
angels,天使
archangel,天使
super_deformed,Q版
crossdress,伪娘
crossplay,伪娘
transvestite,伪娘
dolls,人偶
pixie,小精灵
fairies,小精灵
faerie,小精灵
kemono,兽人
anthro,兽人
lolicon,萝莉
magic_girl,魔法少女
magical_girls,魔法少女
mahou_shoujo,魔法少女
maid_costume,女仆
maids,女仆
maid_outfit,女仆
maid_uniform,女仆
maid_dress,女仆
shrine_maiden,巫女
mini_girl,迷你女孩
monsters,怪物
kunoichi,忍者/日本武士
ork,半兽人
female_solo,单人
vampyr,吸血鬼
witch_costume,女巫/魔女
sorceress,女巫/魔女
boy_love,搞基
shonen-ai,搞基
shounen-ai,搞基
boy's_love,搞基
boys_love,搞基
gay,搞基
take_it_easy,油库里
yukkuri,油库里
shoujo-ai,百合
girl_love,百合
lesbian,百合
girl's_love,百合
girls_love,百合
no_human,无人
teen,青少年
adolescent,青春期的
catgirl,猫娘
pony_girl,马娘
cowgirl,牛娘
drow,暗精灵
demon_girls,魅魔
demongirl,魅魔
ghosts,幽灵
kda,KDA组合(英雄联盟)
weapongirl,机娘
mechamusume,机娘
cheergirl,啦啦队
kids,儿童
children,儿童
gothloli,哥特萝莉
kyuudo,弓道
nurse_outfit,护士
nurse_uniform,护士
officelady,办公室女职员
police_officer,警察
cop,警察
police-woman,女警
police_woman,女警
racequeen,赛车女郎
japanese_maid,和风女仆
megane,眼镜/眼镜娘
meganekko,眼镜/眼镜娘
meganeko,眼镜/眼镜娘
fmm_threesome,二男加一女
long_neck,长脖子
chopstick,筷子
mic,麦克风
daggers,匕首/短剑
swords,刀
whips,鞭
firearm,枪
guns,枪
hand_gun,手枪
magic_wand,魔杖
yinyang,阴阳
ying_yang,阴阳
yin-yang,阴阳
ying-yang,阴阳
teacups,茶杯
tea_cup,茶杯
cigarettes,香烟
icecream,冰激凌
manual_piano,钢琴
acoustic_piano,钢琴
analog_piano,钢琴
electric_piano,钢琴
chairs,椅子
ranset,背包
back_pack,背包
bellybutton,肚脐
belly_button,肚脐
animal_tail,尾巴
thigh,大腿
big_thighs,粗腿
fat_thighs,粗腿
thunder_thighs,粗腿
kneepit,膝盖内侧
knee_pit,膝盖内侧
belts,腰带
spats,自行车短裤
spandex_shorts,自行车短裤
biker_shorts,自行车短裤
girdling,束腰
low-leg_panties,低腰式内裤
mini_skirt,迷你裙
short_skirt,迷你裙
nopan,无内裤
pantsu,内裤
stripped_panties,条纹内裤
thong_panties,丁字裤
absolute_territory,绝对领域
zettai_ryouki,绝对领域
short_pants,短裤
bottom_less,下着较少
panties_down,内裤拉下来
panties_pull,内裤拉下来
pantypull,内裤拉下来
panty_down,内裤拉下来
panty_shot,内裤走光
panchira,内裤走光
panty_flash,内裤走光
bare_feet,赤脚
bare_foot,赤脚
barefeet,赤脚
buttplug,插入式尾巴
anal_plug,插入式尾巴
ankle_bracelets,脚镯
ankle_bracelet,脚镯
leg_bracelet,脚镯
anklets,脚镯
devil_tail,恶魔尾巴
african_wild_dog_tail,狗尾巴
running_briefs,女式灯笼裤
bum_huggers,女式灯笼裤
bun_huggers,女式灯笼裤
capris,七分裤
cropped_pants,七分裤
skirtsuit,正装短裙
hot_pants,热裤
booty_shorts,热裤
hotpants,热裤
daisy_dukes,牛仔短裤
jean_shorts,牛仔短裤
daisydukes,牛仔短裤
jean_skirt,牛仔裙
blue_jeans,牛仔裤
coveralls,(尤指女式)连衫裤
tartan_skirt,格子呢短裙
panty_bow,带蝴蝶结的内裤
burumapull,褪下一部分的内裤
panties_around_leg,一只脚上挂着内裤
drenched_panties,湿内裤
panty_aside,内裤挪到一边
panties_behind_pantyhose,穿在裤袜里的内裤
panties_underneath_pantyhose,穿在裤袜里的内裤
panties_under_pantiehose,穿在裤袜里的内裤
panties_below_pantyhose,穿在裤袜里的内裤
butt,屁股
butt_fangs,正面可见的屁股
ass_fangs,正面可见的屁股
gluteal_fold,正面可见的屁股
robotic_legs,机械腿
thigh_tattoo,腿部纹身
panty_&_stocking_with_garterbelt,吊袜带内裤和长袜
panty_and_stocking_with_garterbelt,吊袜带内裤和长袜
thighhighs_over_pantyhose,过膝袜外穿连裤袜
socks_over_thighhighs,长筒袜加短袜
panties_over_pantyhose,外穿内裤
pantyhose_under_swimsuit,泳衣内穿裤袜
black_garter_belt,腰带式黑吊袜带
neck_garter,颈部装饰吊带
white_garter_straps,白色吊袜带
black_garter_straps,绑带式黑吊袜带
ankle_garter,脚踝吊带
covering_pussy,遮着裆部
first-person_view,第一人称视角
male_pov,主观视角
three_sided_view,三视图
cut-in,插入画面
breast_awe,着迷于乳房
closeup,特写镜头
view_from_above,俯视镜头
viewed_from_above,俯视镜头
aerial_view,俯视镜头
viewed_from_behind,背影
low_angle,仰视镜头
view_from_below,仰视镜头
viewed_from_below,仰视镜头
side_view,角色的侧面
side,角色的侧面
viewed_from_side,角色的侧面
atmospheric_perspective,大气距离感
panorama,全景
rotated,经过旋转的
sideways,横向画面
upsidedown,倒挂的
fewer_digits,缺指特征
missing_fingers,缺少手指
extra_digit,多余手指
missing_arms,缺少手臂
big_butt,大屁股
big_ass,大屁股
shirikoki,臀交
hotdogging,臀交
lapcup,酒倒在阴部
lap_cup,酒倒在阴部
thigh_cup,酒倒在阴部
liquid_between_thighs,酒倒在阴部
ass_hole,菊花
asshole,菊花
butthole,菊花
butt_hole,菊花
anal_penetration,爆菊
anal_sex,爆菊
watersports,尿尿
need_to_pee,憋尿
fingering_ass,手爆菊
fingering_asshole,手爆菊
annilingus,肛吻
analingus,肛吻
rimjob,肛吻
cum_drinking,吃精
cum_on_face,颜射
hand_job,手淫
tekoki,手淫
milk_breasts,哺乳（大范围）
lactating,哺乳（大范围）
milking,哺乳（大范围）
sucking_breasts,吸乳（中）
nipple_sucking,吸乳（中）
breast_suck,吸乳（中）
sucking_nipples,吸乳（中）
self_breast_sucking,自吸乳
mutual_breast_sucking,双向吸乳
titjob,乳交
titfuck,乳交
tit_fuck,乳交
vagina,阴户
vulva,阴户
pubes,阴毛
hairy_pussy,阴毛
no_vagina,没逼的
missing_pussy,没逼的
missing_vagina,没逼的
novagina,没逼的
clit,阴蒂
pussy_juice_drip,爱液
vaginal_juices,爱液
squirting_(sex),潮吹
pussy_lick,舔阴
intercrural,腿交
intercrural_sex,腿交
sumata,腿交
thigh_job,腿交
straddle_penis,腿交
ashikoki,足交
masturbate,自慰
masturbating,自慰
dicks,阳具/屌
cock,阳具/屌
cocks,阳具/屌
dick,阳具/屌
balls,睾丸/蛋蛋
ejaculation_between_breasts,射出
sperm,射精
semen,射精
cumshot,射精
cum_in_hair,射在头发上
semen_on_hair,射在头发上
writing_on_body,身上有字
pocket_pussy,人工阴道
onahole,人工阴道
fleshlight,人工阴道
wand_vibrator,按摩棒
egg_vibrators,跳蛋
fucking,性爱
fuck,性爱
doggy_style,狗爬式
legs_lock,跨坐式
missionary_position,传教士体位
foursome,群P
fivesome,群P
groupsex,群P
scissoring,磨豆腐
gang_rape,轮奸
gang_sex,轮奸
gangrape,轮奸
gangsex,轮奸
gang_bang,轮奸
condoms,套套
clit_piercing,阴核环
taint,会阴
erect_clit,膨胀的阴核
no_ass,贫瘠的屁股
gape,敞开的/撑开的(阴部和屁眼)
pussy_juice_string,拉丝的爱液
red_butt,打屁股
xray,透视人体内部
cleave_gagged,用布勒住嘴
cleavegag,用布勒住嘴
panty_gagged,用内裤塞口
pantygag,用内裤塞口
fondling,摸索
grope,摸索
fondle,摸索
nipple_pain,虐乳头
pierced_nipples,乳头穿孔
nipple_piercings,乳头穿孔
camel_toe,骆驼趾（俗称馒头逼）
extreme_insertion,巨大插入
huge_insertion,巨大插入
piercings,穿孔
pierced,穿孔
navel_ring,肚脐穿孔
bellybutton_piercing,肚脐穿孔
large_hips,宽盆骨
tamakericzx,蛋疼
brainwashing,思想操控
serving_food_on_female,女体盛
analbeads,肛珠
penis_ring,屌环
vibrators,带振动的自慰器
ropebondage,捆绑
rope_bondage,捆绑
tied_up_(sexual),捆绑/奴役
ropes,绳子
tied_arms,手臂捆绑
arms_tied,手臂捆绑
hands_bound,手腕捆绑
tied_wrists,手腕捆绑
bound_hands,手腕捆绑
tied_hands,手腕捆绑
hands_tied,手腕捆绑
crotchrope,胯下捆绑
suspended,悬空捆绑
spread_bar,分腿捆绑
futa,双性
dickgirl,双性
beastiality,人兽
molesting,性骚扰
molester,性骚扰
voyeur,窥阴癖
butt_plug_tail,肛尾
slipper,拖鞋
naked_socks,短袜
sock,短袜
striped_kneehighs,横条袜
indoor_shoes_(japanese),女式学生鞋
thighhighs_only,过膝袜
naked_thighhighs,过膝袜
stocking,过膝袜
heels,高跟鞋
bow_thighhighs,带蝴蝶结的裤袜
legwarmers,腿套/暖腿袜
kneehigh_socks,长袜
kneesocks,长袜
knee_socks,长袜
garter_strap,袜带
garterbelt,连腰吊带袜
tights,连裤袜
fishnet,网袜
ballet_shoes,芭蕾舞鞋
pointe_shoes,芭蕾舞鞋
boot,长靴
naked_boots,长靴
heel_boots,高跟靴
kneehigh_boots,及膝靴
kneeboots,及膝靴
thighboots,高帮靴
thighhigh_boots,高帮靴
uneven_legwear,不对称裤袜
ribbon-trimmed_legwear,缎带边袜类
american_flag_legwear,星条旗袜
ribbed_legwear,罗纹袜类
see-through_legwear,透肉丝袜
legwear_garter,吊带袜扣
thighhigh_garter,裤袜吊袜带
two-tone_legwear,双色袜类
latex_legwear,乳胶过膝袜
clouds,云
blue_moon,蓝月
star_sky,星空
city_skyline,天际线
shooting_stars,流星
sunburst_background,日芒纹背景
beautiful_detailed_sky,漂亮的天空
in_spring,春
in_summer,夏
in_autumn,秋
in_winter,冬
stars,星星
cloudy,多云
raining,下雨
in_the_rain,雨中
rainy_days,雨天
acrylic_paint,亚克力画风
airbrush_(medium),喷枪
alphonse_mucha,阿尔丰斯·慕夏
amigurumi_(medium),钩织玩偶/毛线娃娃
art_deco,装饰艺术
alphonse_mucha_(style),新艺术
mucha_style,新艺术
ballpoint_pen,圆珠笔
book_cover_(medium),书本封面
brush_(medium),刷子
brushpen_(medium),毛笔
calligraphy_pen_(medium),书法笔
canvas_(medium),画布
chalk_(medium),粉笔
charcoal_(medium),炭笔
clay_(medium),黏土
color_ink_(medium),彩色墨水
pencil_crayon_(medium),彩色铅笔画
coloured_pencil_(medium),彩色铅笔画
coupy_pencil_(medium),Coupy铅笔
crayon_(medium),蜡笔
cursor_(medium),光标
dakimakura_(medium),抱枕（画面元素）
disc_(medium),碟片
flame_painter,FlamePainter(工具)
flat_colors,平涂风格
4th_wall,虚实穿插/现实感/次元壁
fudepen_(medium),墨笔/毛钢笔
g-pen_(medium),G笔
google_sketchup_(medium),GoogleSketchup
gouache_(medium),水粉
gouache,水粉
graffiti_(medium),涂鸦
pencil_sketch,铅笔画/炭笔画
illustrator_(medium),Illustrator
impressionism,印象派
ink_(medium),墨水作画
leaf_(medium),树叶
lego_(medium),乐高
ligne_claire,白描
copics,马克笔风格
millipen,毫厘笔
minimalism,极简主义
mousepad_(medium),手绘板
tsukepen,蘸水笔画风
nib_pen,蘸水笔画风
fountain_pen_(medium),蘸水笔画风
oil_painting_(medium),油画风格
oil_painting,油画风格
painting_(medium),颜料传统绘画
paint_(medium),传统绘图工具
pastel_color,粉彩
pen_(medium),钢笔
porcelain_(medium),瓷器
print_(medium),印刷品
retro_artstyle,赛璐璐复古画风
rough_sketch,草图
rough,草图
sumi-e,墨绘
swapnote_(medium),交换笔记
tempera_(medium),蛋彩画
theatre_(medium),剧场
handdrawn,手绘
ukiyo-e,浮世绘
ukiyoe,浮世绘
unfinished,未完成的
work_in_progress,未完成的
wip,未完成的
washi_tape_(medium),和纸胶带
water_pastel_color,水彩
watercolour,水彩
watercolour_pencil,彩铅
whiteboard_(medium),白板
clavicle,锁骨
collarbones,锁骨
wing,翅膀/翼
batwing,蝙蝠翅膀
dark_wings,黑色之翼
black_wing,黑色之翼
devil_wings,恶魔之翼
armsleeves,袖肩分离装
naked_sleeves,袖肩分离装
detached_sleeve,袖肩分离装
long_sleeve,长袖
robes,长袍
off_shoulders,露单肩
off-shoulder,露单肩
bare_shoulder,露双肩
top_less,上着较少
topless_(female),上着较少
open_clothing,敞开衣服
nude_cape,裸体披风
nude_shirt,裸体衬衫
floating_wings,脱离本体的翅膀
whipmarks,鞭痕
badges,徽章
bandaged_arms,缠着绷带的手臂
bangles,手镯
bracelets,手镯
bracers,护腕
armbands,臂章
arm_band,臂章
arm_bracelets,臂环
armlets,臂环
opera_gloves,长袖手套
long_gloves,长袖手套
fingerless_glove,露指手套
glove,手套
neck_tie,领带
detached_cuffs,腕饰
wristcuff,腕饰
wrist_cuff,腕饰
wristcuffs,腕饰
wrist_bands,腕带
wrist_band,腕带
wristbands,腕带
waist_chain,脐链
bar_code,条形码
bows,蝴蝶结
beauty_mark,痣
lab_coat,实验白大褂
pants_suit,女性穿着西服
pantsuit,女性穿着西服
skirt_carry,指掀起裙子时形成的篮子形状
dress_basket,指掀起裙子时形成的篮子形状
dress_carry,指掀起裙子时形成的篮子形状
absolute_cleavage,正中间开口的服装
checkered_blouse,格子衬衫
clothing_between_breasts,衣服勒在乳沟里
tshirt,T恤
keyhole_sweater,胸部开口的毛衣
sports_jersey,运动衫
official_jersey,运动衫
tanktop,无袖紧身背心
wet_t-shirt,湿衬衫
wet_blouse,湿衬衫
cat_keyhole_bra,猫系内衣
du_dou,肚兜
glove_removed,脱下手套
short_gloves,很短的手套/半截手套
sleeves_past_wrist,袖子长过手腕
Ball_bra,球形文胸
spaghetti_strap_bra,细肩带胸罩
bridal_lingerie,新娘蕾丝内衣
Sexy_lingerie,情趣内衣
Transparent_underwear,透明内衣
cupless_bikini,无罩杯比基尼
reverse_bikini_armor,反向比基尼盔甲
Strapless_bottom,无腰绳下装
Pearl_thong,珍珠丁字裤
Bikini_briefs,比基尼三角裤
Jockstrap,运动护裆
Exposure,暴露
crotchless_swimsuit,无裆泳衣
crotchless_pantyhose,开裆连裤袜
crotchless_leotard,无裆紧身衣
crotchless_bloomers,无裆灯笼裤
crotchless_buruma,无裆灯笼裤
assless_swimsuit,无屁股泳衣
backless_panties,露背内裤
backless_pants,露背裤
completely_nude,全裸
soggy_clothes,湿透的衣服
ropiness,粘性的丝
clothing_cutout,镂空剪裁
strap_pull,肩带拉扯
unleashed,带子松开
wedging,抓内裤
panties_around_one_ankle,内裤褪到脚踝上
pants_under_shorts,短裤里面的内裤
Boyshort_panties,男孩短内裤
Boxer_briefs,运动平角裤
black_latex_bodysuit,连体黑色乳胶衣
translucent_bunnysuit,半透明兔女郎
see-through_leotard,透视连体衣
naked_dudou,裸体肚兜
layered,分层的
anal_ball_wear,佩戴拉珠
Penis_sheath,阴茎鞘
asmr,自主感官经络反应
presenting_pussy,呈现阴部
presenting_foot,展示足部
implied_footjob,暗示足交
simulated_footjob,模拟足交
implied_masturbation,暗示自慰
implied_cunnilingus,暗示舔阴
implied_fellatio,借位口交
implied_fingering,暗示指交
female_masturbation,女性自慰
mutual_masturbation,互助自慰
stealth_masturbation,偷偷自慰
building_sex,建筑自慰
pillow_sex,枕头自慰
teddy_bear_sex,泰迪熊自慰
table_sex,援桌骑士
cooperative_handjob,合作打手枪
paizuri_(tittyfuck),乳交
cooperative_paizuri,协作乳交
naizuri_(flatchested_paizuri),平胸乳交
paizuri_over_clothes,衣服上的乳交
paizuri_on_lap,腿上的乳交
imminent_fellatio,即将口交
autofellatio,自动口交
cum_swap,用嘴交换精液
autocunnilingus,自动舔阴
multiple_penis_fellatio,多阴茎口交
testicle_sucking,吸吮阴囊
licking_testicle,舔睾丸
licking_foot,舔足
foot_worship,足部崇拜
double_footjob,双足交
shoejob,鞋交
tailjob,尾交
tail_masturbation,尾巴手淫
tail_insertion,尾部插入
armpit_sex,腋交
navel_sex,肚脐性爱
skull_fucking,头交
nosejob,鼻交
ear_sex,耳交
penis_in_eye,眼交
kneepit_sex,跪下性行为
double_buttjob,双屁股交
legjob,腿交(可能无效
Penetration&Insertion,穿透和插入
imminent_penetration,即将插入
animal_insertion,动物插入
cervical_penetration,宫颈穿透
nipple_penetration,乳头穿刺
pectoral_grab,抓胸动作
crotch_grab,抓裆动作
grabbing_own_breast,自揉胸部
guided_crotch_grab,引导抓裆
guided_pectoral_grab,引导抓胸
prostate_milking,前列腺挤奶
fingering_through_panties,隔裤挑逗
self_fisting,自己打自己
imminent_gangbang,即将到来的轮奸
love_train,爱情列车
cooperative_fellatio,协作口交
cooperative_footjob,合作足交
multiple_breast_smother,多个乳房窒息
reverse_spitroast,交换唾沫
double_grinding,双磨(两人磨一根)
imminent_anal,即将肛交
triple_anal,三重肛门
after_buttjob,屁股交后
force-feeding,机械固定
Monoglove,束缚手套
Gimp_suit,束缚腿套
viewer_holding_leash,视角中握有缰绳
bound_ankles,脚踝捆绑
bound_together,多人捆绑
Bondage&Discipline,绑缚与调教
predicament_bondage,困境束缚
assertive_female,强势女性
neglect_play,放置play
rope_walking,批在绳子上走
clitoris_torture,折磨阴蒂
ball_busting,爆球
tickle_torture,挠痒痒折磨
wax_play,滴蜡游戏
muscular,健壮肌肉体型
linked_piercing,连环穿孔
:>=,口交脸
sweating,出汗
navel_piercings,肚脐钉
Same-sex_Acts,同性行为
yuri_(female-female),百合（女-女）
tribadism_(scissoring),磨豆腐（剪刀）
bisexual,双性恋
bisexual_female,双性恋女性
Ageplay,年龄play
adult_baby,成人宝宝
toddlercon,幼儿控
Animal_play,动物play
leash_pull,拉扯狗链动作
human_dog,人类狗
pony_play,小马游戏
precum_string,尿道球腺液丝
cumdump,倾倒精液
cum_bath,胶浴
cum_inflation,精液膨腹
cum_in_clothes,衣内射精
cum_in_cup,射在杯子里
cum_in_throat,射在喉咙里
cum_in_urethra,在尿道射精
cum_on_facial,颜射
cum_on_fingers,射在手指上
cum_on_glasses,射在眼镜上
ejaculating_while_penetrated,插入射精
pull_out,拉出
autofacial,自动面部护理
felching,从阴道吸精液
public_indecency,公众猥亵
zenra,习以为常的全裸
public_vibrator,公开振动器
cuckolding,戴绿帽子
Gender_Play_and_Intersex,性别游戏
male_futanari,男二成
femdom_rape,调教强奸(女对男)
chikan,电车痴汉
compensated_molestation,有偿性骚扰
smother,窒息
Miscellaneous_Fetishes,其他恋物癖
anatomy,解剖学
conjoined,连体
extra_breasts,额外的乳房
extra_penises,额外的
Knotting,打结
used_condom_on_penis,肉棒戴着用后避孕套
condom_left_inside,避孕套留在里面
defloration,破瓜暗示
Eating_and_Drinking_from_Body,身体的饮食
nantaimori,南台森
human_furniture,人性化家具
forniphilia,猿癖
human_toilet,人厕
Mecha_on_girl,女孩身上的机甲
birth,出生
unbirthing,分娩
smelling_feet,闻脚
smelling_clothes,嗅衣动作
smelling_underwear,闻到内衣的味道
smelling_pantyhose,闻连裤袜
tentacle_gagged,触手堵嘴
tentaclejob,触手活
tentacles_in_thighhighs,大腿上的触手
too_many_tentacles,很多触手
Extreme'_Fetishes,极端恋物癖
Scat_and_Urination,粪便和排尿
scat,粪便
drinking_pee,喝尿
golden_shower,金色淋浴
peeing_on_viewer,在观众身上撒尿
Mutilation,残缺
double_amputee,双肢截断
quadruple_amputee,四重截肢者
triple_amputee,三重截肢者
after,口交后
after_fingering,指法后
after_frottage,摩擦后
after_insertion,插入后
after_masturbation,自慰后
after_oral,口服后
after_rape,性侵后
after_urethral,尿道后
clothed_after_sex,性爱后穿衣服
vibrator_in_thigh_highs,震动在过膝袜里
tenga,腾加
aneros,前列腺按摩器
huge_dildo,大型按摩棒
dragon_dildo,龙假阳具
horse_dildo,马假阳具
spiked_dildo,带刺的假阳具
suction_cup_dildo,吸盘假阳具
dildo_riding,骑乘假阳具
food_insertion,食物插入
dildo_gag,假阳具堵嘴
mask_challenge_(meme),面具挑战（模因）
dildo_harness,假阳具线束
dildo_under_panties,内裤下的假阳具
prostate_massager,前列腺按摩器
Pump,泵
breast_pump,吸奶器
clitoris_pump,阴蒂泵
too_many_sex_toys,性玩具太多
catheter,导管
urethral_beads,尿道珠
bunny_vibrator,兔子振动器
butterfly_vibrator,蝴蝶振动器
riding_machine,骑马机
sybian,西班
vibrator_in_leg_garter,吊袜带中的振动器
vibrator_in_thigh_strap,大腿带中的振动器
vibrator_under_pantyhose,连裤袜下的振动器
vibrator_on_nipple,乳头震动器
vibrator_in_anus,肛门振动器
vibrator_on_penis,阴茎上的振动器
nipple_chain,乳链饰品
chastity_belt,贞操带
chastity_bra,贞操文胸
chastity_cage,贞操笼
Clamp,钳
clitoris_clamp,钳
tongue_clamp,舌夹
hobble,架
plug_gag,插入堵嘴
clitoris_leash,皮带
leash_on_penis,阴茎上的皮带
nipple_leash,皮带
nose_hook,鼻钩
sounding,欺负尿道（阴茎）
aphrodisiac,春药
condoms_in_mouth,含着套
judas_cradle,犹大摇篮
blood_on_bandages,绷带渗血
deep_wound,很深的伤口
missing_eye,失踪的眼睛
scrape,刮
sprain,扭伤
severed_limb,断肢
track_marks,轨道标记
bandaid_on_cheek,脸颊创可贴
bandaid_on_ear,耳朵上的绷带
sling_(medical),吊索（医疗）
Medical_service,医疗服务
Hospital,医院场景
first_aid,急救
surgery,手术
organs,器官
crotch_kick,胯部踢
cunt_punt,屄
stab,刺击动作
Visible_signs,可见标志
menstruation,经期
bandaid_on,脸上贴着创可贴
QR_code,二维码
heart-shape_thought_bubble,心形思想泡泡
barbell_piercing,杠铃穿刺饰品
female_gunner_(dungeon_and_fighter),女炮手（地下城与战士）
female_mechanic_(dungeon_and_fighter),女机械师（地下城与斗士）
female_slayer_(dungeon_and_fighter),女杀手（地下城与斗士）
trombone,长号
triple_vaginal,三重插入(触手
daisy_chain,人体蜈蚣（环）
backjob,背交
yaoi_(male-male),八井（男-男）
bara_(masculine_male-male),巴拉（男性-男性）
implied_yaoi,暗示男同
bulges_touching,凸起触摸
penises_touching,肉棒互相接触
testicles_touching,睾丸触摸
Pecjob,男男
bisexual_male,双性恋男性
Fetishes,恋物癖
tentacles_on_male,雄性触手怪
medium_shot,中景
mid_shot,中景
bust_shot,上半身
side_profile,侧面肖像画
close_up,特写
macro_shot,微距摄像
selfie,自拍视角
pov_across_table,越桌视角
aerial,空中
turn_one's_back,转身
front_view,正面视角
lateral_view,斜侧面视角
back_view,后背视角
from_back,后背视角
dynamic_angle,动态角度
cinematic_angle,电影拍摄角度
1girl_solo,只有一位女性
1girl_solo_focus,画面内一位女性在画面外有男性
female_focus,女性焦点（画面中为女性）
group_picture,群像构图
xx_focus,聚焦在xx上
face_focus,聚焦在面部
eyes_focus,聚焦在眼睛
reality_ray_tracing,光追
frontlight,正面光
sidelight,侧面光
backlight,背光
rim_light,边缘光
strong_rim_light,强边缘光
ambient_light,环境光
specular_lighting,镜面高光
sunlight_filtering_through_trees,阳光透过树木
polychromatic,多色光
golden_hour_lighting,黄金时段照明
against_backlight_at_dusk,傍晚背对阳光
pale,苍白(薄)
intense_shadows,强阴影
deep,加深(浓)
obscure,模糊
dim,昏暗的|朦胧的
shady,成荫的
doujinshi_doujin_cover,同人志风
megami_magazine,女神杂志
capanime_screencap,动画截图
watercolor,水彩
retro_arfstyle,复古风格
one-hour_drawing_challenge,一小时速绘挑战
CG,提高图片质量
photo_(medium),照片（风格）
contour_deepening,轮廓加深
pencil_sketch_lines,铅笔速写
touhou,东方
kantai_collection,舰队收藏
fate_(series),命运（系列）
fate/grandorder,命运皇冠指定
idolmaster,偶像大师
pokemon,宠物小精灵
vocaloid,VOCALOID
hololive,木口社（vtb）
genshin_impact,原神
azur_lane,碧蓝航线
idolmaster_cinderella_girls,偶像大师灰姑娘女孩
pokemon_(game),口袋妖怪
arknights,明日方舟
mahou_shoujo_madoka_magica,魔法少女小圆
fire_emblem,火焰纹章
girls_und_panzer,少女与战车
love_live!,爱生活！
final_fantasy,最终幻想
girls'_frontline,少女前线
precure,霹雳Q娃
umamusume,赛马娘
granblue_fantasy,碧蓝幻想
jojo_no_kimyou_na_bouken,jojo
fate/stay_night,命运之夜
kemono_friends,兽娘动物园
idolmaster_(classic),偶像大师（经典）
blue_archive,碧蓝档案
gundam,高达
love_live!_school_idol_project,爱生活！校园偶像
nijisanji,彩虹社(vtb)
danganronpa(series),弹丸论巴（系列）
hololive_english,holoen(皮套人)
persona,女神异闻录
lyrical_nanoha,魔法少女奈叶
neon_genesis_evangelion,新世纪福音战士
idolmaster_shiny_colors,偶像大师闪亮颜色
suzumiya_haruhi_no_yuuutsu,凉宫春日的忧郁
world_witches_series,世界女巫系列
pokemon_swsh,宝可梦_SWSH
princess_connect!,公主连接！
toaru_majutsu_no_index,魔法禁书目录
league_of_legends,英雄联盟
street_fighter,街头霸王
boku_no_hero_academia,博库之英雄学院
the_legend_of_zelda,塞尔达传说
love_live!_sunshine!!,爱生活！阳光！！
fire_emblem_heroes,火焰之纹章英雄
fate/zero,命运/零
strike_witches,罢工女巫
touken_ranbu,刀剑乱舞
fire_emblem:_three_houses,火焰之纹章：三宫
pokemon_sm,口袋妖怪SM
idolmaster_million_live!,偶像大师百万现场！
xenoblade_chronicles_(series),异度之刃编年史
mario_(series),马里奥（系列）
honkai_(series),崩坏（系列）
yu-gi-oh!,游戏王
indie_virtual_youtuber,皮套人(个人势)
overwatch,守望先锋
sword_art_online,刀剑神域
final_fantasy_xiv,最终幻想14
dragon_ball,七龙珠
honkai_impact_3rd,崩坏三
overwatch_1,守望先锋_1
final_fantasy_vii,最终幻想7
re:zero_kara_hajimeru_isekai_seikatsu,re:0
kill_la_kill,斩服少女
tales_of_(series),传说（系列）
splatoon_(series),喷射战士（系列）
pokemon_(anime),口袋妖怪（动漫）
monogatari_(series),物语（系列）
gochuumon_wa_usagi_desu_ka12k,点兔
naruto_(series),火影忍者（系列）
bishoujo_senshi_sailor_moon,美少女战士
guilty_gear,罪恶装备
code_geass,反叛的鲁路修
xenoblade_chronicles_2,异度之刃编年史2
toaru_kagaku_no_railgun,某科学的超电磁炮
mahou_shoujo_lyrical_nanoha,魔法少女奈叶
lucky_star,幸运星
one_piece,一拳超人
danganronpa_2:_goodbye_despair,弹丸论破2：再见绝望
neptune_(series),海王星（系列）
kono_subarashii_sekai_ni_shukufuku_wo!,为美好的世界献上祝福
fire_emblem_fates,火焰纹章：命运
blazblue,苍翼默示录
mahou_shoujo_lyrical_nanoha_strikers,魔法少女奈叶
the_king_of_fighters,拳皇
dragon_quest,勇者斗恶龙
pokemon_bw,宝可梦_bw
ragnarok_online,仙境传说online
inazuma_eleven_(series),闪电十一人（系列）
persona_4,女神异闻录
tengen_toppa_gurren_lagann,天元突破
dead_or_alive,死或生
senran_kagura,闪乱神乐
nier_automata,尼尔机械纪元
atelier_(series),莱莎的炼金工房
monster_hunter,怪物猎人
gundam_00,高达_00
dark_souls,黑魂
borderlands,无主之地
ShadowVerse,影之诗
arcaea,一个音游
fullmetal_alchemist,钢之炼金术士
chainsaw_man,电锯人
kimetsu_no_yaiba,鬼灭
hibike!_euphonium,吹响！上低音号
cardcaptor_sakura,百变小樱魔术卡
clannad,clannad
Steins;Gate,石头门
date_a_live,约会大作战
chuunibyou_demo_koi_ga_shitai!,中二病也要谈恋爱
violet_evergarden_(series),紫罗兰的永恒花园
shiratama_(shiratamaco),白玉
kedama_milk,毛玉
nana_kagura,神乐七奈
cleric,神职人员(基督教)
clownpiece,克劳恩皮丝
xx_musume,xx娘
xx_girl,xx娘的另一种形式
gynoid,另一种机娘
humanoid_robot,人形机器人
slime_musume,史莱姆娘
toddler,幼童
female_child,女童
mesugaki,雌小鬼
bishoujo,美少女
young,年轻
underage,未成年
mature_female,熟龄女性
old,老年形象
brown_skin,棕色皮肤
large_pectorals,发达胸肌
waist,腰
slender_waist,细腰
hipbone,髋骨
ass_visible_through_thigh,屁股通过大腿可见
buttock,翘臀
thick_thigh,肉腿
knee,膝盖
feet_soles,脚底
Body_Types,体型
princess_head,公主发型
Half-up,上半部分束起
air_bangs,空气刘海
side_blunt_bangs,侧面空气刘海
high_twintails,高双马尾
low_tied_hair,低扎头发
braiding_hair,编发过程
short_braid,短辫子
ballet_hair_bun,芭蕾髻
feather_hair,羽毛状发丝
long_sideburns,长鬓角
xx_colored_inner_hair,内层挑染
xx_and_xx_hair,头发内变色
azure_hair,天蓝色头发
ruby_hair,红宝石色头发
split-color_hair,双色染发
glowing_hair,发光发丝
luminous,夜光的
Starry_sky_adorns_hair,星空头发
crystals_texture_Hair,水晶材质头发
translucent_hair,半透明的头发
Hair_dripping,头发在滴水
blood_in_hair,血染发丝
polka_dot_hair,波点头发
ribbon_hair,丝带头发
spotted_hair,斑点头发
hair_vines,头发藤蔓
hair_weapon,头发武器
hand_in_own_hair,自抚发丝
hair_lift,手托发丝
playing_with_hair,玩头发
hair_over_mouth,头发盖在嘴上
kissing_hair,亲吻头发
biting_hair,咬头发
eating_hair,吃头发
smelling_hair,闻头发
food_on_hair,头发上的食物
folded_hair,折叠式发型
adjusting_another's_hair,调整别人的头发
playing_with_another's_hair,玩弄别人的头发
holding_another's_hair,抓握发丝
hair_over_one_eyebrow,头发遮住眉毛
blush_visible_through_hair,透过头发可见腮红
ears_visible_through_hair,发间显耳
hair_through_headwear,发丝穿过头饰
disheveled_hair,凌乱的头发|蓬乱的头发
hair_flowing_over,发丝覆盖物体
hair_undone,头发松散
hair_half_undone,头发半松散
ruffling_hair,风吹乱发造型
bouncing_hair,跳动的头发
living_hair,活头发
severed_hair,剪断的头发
formal_dress,礼服
print_cheongsam,印花旗袍
summer_uniform,夏装校服
ss_uniform,纳粹制服
nazi_uniform,纳粹制服
space_suit,宇航服
domineering,修女服
byzantine_fashion,拜占庭风格
Tropical,热带特征的
Ao_Dai,越南校服（奥黛）
official_alternate_costume,官方换装
homewear,居家服
print_pajamas,印花睡衣
polka_dot_pajamas,波点睡衣
Taoist_robes,道袍
robe_of_blending,混合长袍
bikini_top_only,单穿上装
bikini_bottom_only,单穿泳裤
front-tie_bikini_top,前系带比基尼上装
winter_coat,冬大衣
fishnet_top,鱼网上衣
windbreaker,冲锋衣
jacket_partially_removed,半脱外套
camouflage_jacket,迷彩夹克
denim_jacket,牛仔外套
loating_jacket,休闲夹克
two-tone_jacket,双色夹克
down_jacket,羽绒外套
puffer_jacket,羽绒服
backless_sweater,露背毛衣
girdle,紧身塔
polka_dot_dress,波点连衣裙
see-through_dress,透视连衣裙
summer_long_skirt,夏日长裙
camouflage_pants,迷彩裤
cargo_pants,工装裤
crotchless_pants,无裆裤
hakama_pants,袴式长裤
puffy_pants,蓬松灯笼裤
pumpkin_pants,南瓜裤
pants_tucked_in,束腰裤装
black_bodystocking,连体黑丝
black_pantyhose,黑连裤袜
white_pantyhose,白色连裤袜
animal_ear_legwear,兽耳袜
stocking_under_clothes,衣服下的筒袜(避免显示不全)
latex_thighhighs,乳胶材质的长筒袜
see-through_thighhighs,透明的长筒袜
armored,装甲的
canvas,帆布的
lace-trimmed,蕾丝饰边的
fur-trimmed,毛边的
fringe,须边
ribbed,棱纹的
cat_ear,猫耳造型的
cat_ear_cutout,猫耳造型镂空的
star_panties,星星印花内裤
bunny_panties,兔子内裤
fur-trimmed_headwear,毛皮头饰
inter_headset,EVA神经连接器
mini_witch_hat,迷你魔女帽
bowler_hat,圆顶硬礼帽
pillbox_hat,药盒帽
cloche_hat,钟形女帽
side_cap,侧边帽
police_hat,警帽
bucket_hat,渔夫帽
hardhat,安全帽
rice_hat,斗笠
bobblehat,泡泡帽
pumpkin_hat,南瓜头套
torn_hat,撕裂的帽子
newsboy_cap,报童帽
bowknot_over_white_beret,白色贝雷帽上的蝴蝶结
oripathy_lesion_(arknights),源石病(明日方舟)
gumi,GUMI
the_only_shoe,单鞋
black_loafers,乐福鞋(小皮鞋)
platform_heels,防水台高跟鞋
clog_sandals,木屐凉鞋
animal_feet,兽足特征
animal_slippers,动物拖鞋
snow_boots,雪地靴
doc_martens,马丁靴
rain_boots,雨靴
arched_soles,拱形鞋底
horseshoe,马蹄铁元素
paw_print_soles,爪印鞋底
sleeves_past_elbows,过肘衣袖
arm_out_of_sleeve,袖子里的手臂
uneven_sleeves,不对称袖长
mismatched_sleeves,混搭袖型
sleeve_rolled_up,袖子卷起
chain_leash,链式牵绳
partially_fingerless_gloves,半指手套
red_neckerchief,方巾式红领巾
white_necktie,白色领带
neck_bell,颈铃装饰
neck_tattoo,颈部纹身
chinese_knot,中国结
magatama_necklace,勾玉项链
tooth_necklace,兽牙项链
key_necklace,钥匙吊坠项链
anchor_necklace,船锚项链
shell_necklace,贝壳项链
gold_necklace,金项链
crescent_necklace,新月项链
ring_necklace,戒指项链
feather_necklace,羽毛项链
bone_necklace,骨项链
ankh_necklace,十字项链
multiple_necklaces,多条项链
bullet_necklace,子弹项链
holding_necklace,拎项链
necklace_removed,项链被移除
print_scarf,印花围巾
vertical-striped_scarf,竖条纹围巾
polka_dot_scarf,波点围巾
argyle_scarf,菱形围巾
beige_scarf,米色围巾
scarf_bow,围巾蝴蝶结
fur_scarf,毛皮围巾
multicolored_scarf,多彩围巾
floating_scarf,飘动围巾
long_scarf,长围巾
arm_scarf,手臂围巾
scarf_on_head,头上的围巾
scarf_over_mouth,围巾掩口
scarf_removed,围巾被取下
adjusting_scarf,整理围巾
holding_scarf,拿着围巾
scarf_pull,扯围巾
long_eyelashes,长睫毛
lipgloss,唇彩
anime_style_blush,动画式脸红
bruise_on_face,面部淤青
cream_on_face,奶油敷面
smoking_pipe,烟斗
eyewear,眼睛
crooked_eyewear,歪斜的眼镜
p,眼罩
half_mask,半脸面具
masked,蒙面状态
mask_lift,抬起面罩
ninja_mask,忍者面罩
skull_mask,骷髅面具
hockey_mask,曲棍球面具
bird_mask,鸟喙面具
plague_doctor_mask,瘟疫医生口罩
stone_mask,石鬼面
horse_mask,马面具
masquerade_mask,化妆舞会面具
ear_ornament,耳饰
jaguar_ears,美洲豹耳
alpaca_ears,羊驼耳饰
goat_horns,山羊角
hair_on_horn,发丝缠绕犄角
mechanical_horns,机械角饰
foral_background,花卉图案装饰的背景
clock_background,时钟背景
bubble_background,气泡背景
mattress,床垫；褥子
heap,堆
swimming_pool,泳池
squat_toilet,蹲便器
banquet,宴会
flower_bloom,花盛开
withered_flower,枯萎的花
plum_blossom,梅花
chrysanthemum,菊纹
narcissu,水仙
lily,百合花
entangled_plants,缠结型植物
shrub,灌木
pine_tree,松树元素
maple_tree,枫树
planted,种植状态
magnificent_architecture,建筑
Intersection,路口
cathedral,大教堂
chinese_style_loft,中式阁楼
traditional_chinese_room,传统中式客房
mosque,清真寺
arena,竞技场
Auditorium,礼堂
concert,演唱会场景
reservoir,水库
Trapeze,吊架；秋千
railroad,铁路
railway,铁路
lawn,草坪
Japanese_hotel,日本旅馆
amusement_park,游乐园场景
hot_air_balloon,热气球
snowy_mountain,雪山
floating_snowflake,雪花
bakery,面包店
lantern_floating,灯笼水槽
jail_bars,监狱酒吧
dungeon,地牢
rubble_ruins,废墟
fall_leaves,落叶
hyper_galaxy,超级银河
fields,田园
playground,游乐场场景
carousel,旋转木马
billiard,台球桌
under_bridge,桥下
casino,赌场
laboratory,研究所
greenhouse,植物园
harbor,港口
bookstore,书店
spa,人工温泉
alleyway,小巷
rowboat,划船
rappelling,拉平（悬挂）
tennis_court,网球场
car_seat,汽车座椅
seatbelt,安全带
downtown,市中心
avenue,绿树成荫的街道
mixing_console,混合控制台
remains,废墟
Disney_land,迪士尼乐园
stadium,体育场馆
soccer_field,足球场
track_and_field,田径场景
in_the_movie_theatre,在电影院里
monolith,巨大的石头物体
atrium,光线照射
electric_scoreboard,电子公告板
Open_the_door_halfway,半开门
nebula,星云背景
star_trail,星星轨迹
on_the_train,電車内
on_the_bus,在巴士上
in_main_street,大道
grasslands,草原
mansion,屋敷
santorini,希腊圣托里尼
venice,意大利威尼斯
Taj_Mahal,泰姬陵
Machu_Picchu,马丘比丘
Akashi_Kaikyo_Bridge,明石海峡大桥
Skytree,东京天空树
Fuji_Mountain,富士山
Tokyo_Tower,东京塔
fushimi_inari,伏见稻荷
grand_canyon,大峡谷
great_wall_of_china,长城
Floating_light_spot,浮动光斑
Glowing_butterflies,发光的蝴蝶
shredded_paper,碎纸屑
pearl,珍珠
neon,霓虹灯
Gravel,碎石
jaggy_lines,锯齿线条
immense,巨大
disperse,分散
converge,会聚|聚集
brand,牌子
scattered_leaves,散落的叶子
Flying_colored_shredded_paper,飞溅的彩色碎纸
many_colorful_petals_are_flying,五颜六色的花瓣飞舞
big_colorful_Bubble,大五颜六色的泡泡
pasture,牧场
plateau,高原
flower_ocean,花海
volcano,火山
swirl,漩涡
scarlet_moon,猩红月亮
universe,宇宙
lunar,月的|月球的
star,星星
from_space_station,空间站
satellite,卫星
Astrology,占星术
constel,星座
aquila,[天]天鹰座
lyra,[天]天琴座
loong,中国龙
D&D,西方龙
reptile,爬行动物
wriggle_nightbug,莉格露·奈特巴格
kyubey,丘比
dodoco_(genshin_impact),嘟嘟可（原神）
guoba_(genshin_impact),锅巴（原神）
baron_bunny_(genshin_impact),兔兔伯爵（原神）
oz_(genshin_impact),奥兹（原神）
crystalfly_(genshin_impact),晶蝶（原神）
seelie_(genshin_impact),仙灵（原神）
Cassette,磁带盒
copper,铜|铜币
Lever,杠杆|操作杆
oil-paper_umbrella,油纸伞道具
pail,桶|提桶
Smartphones,智能手机
trophy,奖杯道具
cello,大提琴
inlet,入口
molecule,分子
remotely,偏远的
vinyl,乙烯基唱片；黑胶唱片
verge,边缘
elsword,艾斯之剑
stake,桩|棍子
dynamite,黄色炸药；甘油炸药；
thompson_submachine_gun,汤普森冲锋枪
A_sushi_roll,寿司卷
aubergine,茄子
burger,汉堡
Gelatin,明胶、布丁
jam,果酱涂抹
food_on,脸上有食物
tumbler,普通玻璃杯
cirrus,卷云
Cirrocumulus,卷积云
Cirrostratus,卷层云
Altocumulus,高积云
Altostratus,高层云
stratus,层云
Stratocumulus,层积云
cumulus,积云
Cumulonimbus,积雨云
Nimbostratus,雨层云
cirrus_fibratus,毛卷云
cirrus_uncinus,钩卷云
cirrus_spissatus,密卷云
cirrus_floccus,絮卷云
cirrus_castellanus,堡卷云
cirrus_intortus,乱卷云
cirrocumulus_stratiformis,层状卷积云
cirrocumulus_floccus,絮状卷积云
cirrocumulus_castellanus,堡状卷积云
cirrocumulus_lacunosus,网状卷积云
cirrostratus_fibratus,毛卷层云
cirrostratus_nebulosus,雾卷层云
altocumulus_strataformis,层状高积云
altocumulus_lenticularis,荚状高积云
altocumulus_castellanus,堡状高积云
altocumulus_floccus,絮状高积云
altocumulus_lacunosus,网状高积云
altostratus_undulatus,波状高层云
altostratus_duplicates,复合高层云
altostratus_pannus,破片高层云
altostratus_translucidus,透光高层云
altostratus_opacus,蔽光高层云
altostratus_radiatus,辐状高层云
altostratus_mammatus,乳状高层云
stratus_fractus,碎层云
stratus_nebulosus,雾层云
stratus_undulatus,波层云
stratocumulus_stratiformis,层状层积云
stratocumulus_cumulogentis,积雨性层积云
stratocumulus_castellanus,堡状层积云
stratocumulus_lenticularis,荚状层积云
stratocumulus_lacunosus,絮状层积云
cumulus_humilis,淡积云
cumulus_mediocris,中积云
cumulus_congestus,浓积云
cumulus_fractus,碎积云
cumulonimbus_calvus,秃积雨云
cumulonimbus_capillatus,鬃积雨云
cumulonimbus_incus,砧积雨云
asperitas,新增类型
squeeze_bottle,软瓶
bottled_water,瓶裝水
rose_bush,玫瑰花丛
carnivorous_plant,食虫植物
succulent_plant,多肉植物
cattail,香蒲
roots,根系纹理
foliage,叶丛
cluster-amaryllis,石蒜
lunchbox,便当盒
nib_pen_(object),钢笔道具
inkwell,古典墨水瓶
ink_bottle,墨水瓶（高）
🌅,日出
🌈,彩虹
🌪,龙卷风
🌨,下雪
❄,下雪
☃,下雪
🌧,下雨
🌂,下雨
☔,下雨
☂,下雨
🌥,多云
⛅,阴
☁,云
☀,晴
🌫,雾
⛈,雷阵雨
🌤,晴偶有云
🌦,晴转雨
🌩,打雷
reversal,反转
Painting_(Action),作画过程
sing,唱歌
sweeping,打扫
posing,摆姿势
stylish_pose,时尚姿势
hands_out_of_frame,手超出图片外
arms_out_of_frame,手臂超出图片外
lying_on_the_lake,躺在湖面上
meditation,冥想（可能没用）
tossing,投掷
paid_reward,支付报酬
lying_on_water,水面漂浮
arm_above_head,手臂上举
musou_isshin_(genshin_impact),胸口拔刀
covering_chest_by_hand,用手遮住胸部
hands_on_another's,双手放在别人的脸上
hands_on_own,双手放在自己的脸上
hand_on_own,把手放在自己脸上
open_stance,稍息
sitting_sideways,侧身坐姿
sitting_backwards,反坐椅子
sitting_in_tree,坐树上
sitting_on_railing,坐在栏杆上
sitting_on_rock,坐岩石上
sitting_on_stairs,坐阶梯上
sitting_on_table,坐桌面上
sitting_on_water,坐在水上
gravure_pose,凹版姿势
Kabedon,壁咚
sitting_on_head,坐在头上
sitting_on_shoulder,坐肩上
pupils,瞳孔
snake_pupils,蛇瞳孔
pupils_sparkling,瞳孔闪光
butterfly-shaped_pupils,蝴蝶形瞳孔
rectangular_pupils,长方形瞳孔
square_pupils,方形瞳孔
dot_pupils,点瞳孔
extra_pupils,额外的瞳孔
++,十字星星眼
cross-shaped_pupils,十字瞳孔
purple_pupils,紫色瞳孔
orange_pupils,橙色瞳孔
blue_pupils,蓝色虹膜
gasping,喘气（张大嘴）
Slightly_open_mouth,嘴巴微微张开
close_mouth,闭嘴
gnaw,啃
:3,猫嘴
:o,张嘴
:>,V嘴
shark_mouth,鲨鱼牙
:q,舌头放在上唇
:p,舌头放在下唇
;p,眨眼舌头上伸
kind_smile,善良的微笑
:d,开心的笑
;d,眨眼笑
teasing_smile,被逗笑|咧嘴傻笑
giggling,咯咯傻笑
badmood,心情不好
unamused,不悦表情
frustrated_brow,沮丧的眉头
anguish,苦闷
gloom,忧郁的
contempt,蔑视
fear_kubrick,害怕侧目
annoy,惹恼
>:(,皱眉生气
>:),皱眉不生气
embarrass,害羞的(尴尬的)
exhausted,疲惫不堪
Jekyll_and_Hyde,多重人格
spasm,痉挛
eye-contact,眼神接触
head_toward,朝向
looking_outside,望向窗外
looking_ahead,展望
looking_at_animal,看着动物
looking_at_mirror,照镜子
looking_at_hand,看着手
looking_at_hands,看着双手
looking_at_food,看着食物
looking_at_screen,看着屏幕
flame_symbol_in_the_pupils_and_iris,眼中有火焰
dark_pink,深粉
dimgray,暗灰
darkgray,深灰
silver,银
gainsboro,盖茨伯勒
whitesmoke,烟白
ghostwhite,幽灵白
floralwhite,花白
linen,亚麻布
antiquewhite,仿古白
papayawhip,番木
blanchedalmond,杏仁白
bisque,橘黄
moccasin,莫卡辛色
navajowhite,纳瓦白
peachpuff,桃色
mistyrose,迷迭香
lavenderblush,薰衣草腮红
oldlace,旧蕾丝
ivory,象牙
honeydew,甘露
mintcream,薄荷糖
azure,天蓝
aliceblue,爱丽丝蓝
lavender,薰衣草
lightsteelblue,轻钢蓝
lightslategray,灯石灰
slategray,石板灰
steelblue,钢蓝
royalblue,宝蓝
midnightblue,午夜蓝
navy,海军蓝
darkblue,深蓝
mediumblue,中蓝
dodgerblue,道奇蓝
cornflowerblue,矢车菊蓝色
deepskyblue,深天蓝
lightskyblue,亮天蓝
skyblue,天蓝
powderblue,粉蓝
paleturquoise,亮绿松石色
cyan,青
aquamarine,蓝晶|蓝晶色
turquoise,绿松石色
mediumturquoise,中绿松石色
darkturquoise,深绿松石色
lightseagreen,浅海绿
cadetblue,学员蓝
darkcyan,深青
teal,蓝绿色
darkslategray,暗板灰
darkgreen,深绿
forestgreen,森林绿
seagreen,海绿
mediumseagreen,中海
mediumaquamarine,中海蓝
darkseagreen,深海绿
palegreen,淡绿
springgreen,春绿
mediumspringgreen,中春绿
lawngreen,草坪绿
chartreuse,荨麻色
greenyellow,绿黄
lime,酸橙
limegreen,青柠
yellowgreen,黄绿
darkolivegreen,黑橄榄绿
olivedrab,绿橄榄色
olive,橄榄色
darkkhaki,黑卡其色
palegoldenrod,古金棒
cornsilk,玉米丝
beige,浅褐
lemonchiffon,柠檬雪纺
wheat,小麦色
burlywood,伯莱坞
khaki,卡其色
sandybrown,沙褐
darkorange,暗橙
goldenrod,金麒麟色
peru,秘鲁色
darkgoldenrod,暗金
sienna,赭色
saddlebrown,马鞍棕色
maroon,栗色
darkred,暗红
brown,棕色
firebrick,耐火砖
indianred,印度红
rosybrown,红褐色
darksalmon,黑鲑鱼
lightcoral,浅珊瑚
salmon,三文鱼
lightsalmon,光鲑鱼
orangered,橙红
crimson,赤红
mediumvioletred,中紫红
deeppink,深粉红
hotpink,亮粉
palevioletred,淡紫
lightpink,浅粉
thistle,蓟色
magenta,洋红
fuchsia,紫红
violet,罗兰紫
plum,李子
orchid,兰花紫
mediumorchid,中兰花紫
darkorchid,黑兰花紫
darkviolet,深紫
darkmagenta,深洋红
darkslateblue,深石板蓝
blueviolet,深罗兰紫
mediumpurple,中紫
slateblue,板岩蓝
mediumslateblue,中板岩蓝
red,红色
orange,橙色
yellow,黄色
green,绿色
blue,蓝色
indigo,靛青
purple,紫色
black,黑色
white,白色
lightgoldenrodyellow,浅金黄
pink,粉
gray,灰
lightgray,浅灰
aqua,青色
lightgreen,浅绿
lightblue,浅蓝
lightcyan,浅青
lightyellow,淡黄
light_brown,浅褐
penis_on,阴茎贴着脸
sque,泛指从身后插入的体位
dark-skinned_female,褐皮女性
side-tie_bikini_bottom,侧系带泳裤
colored_skin,异色皮肤
female_pubic_hair,女性阴毛
playboy_bunny,兔女郎装束
dark-skinned_male,褐皮男性
bug,昆虫元素
muscular_male,筋肉猛男
white_socks,白色短袜
red_necktie,红色领带
black_socks,黑短袜
rabbit_tail,兔尾巴
red_bowtie,红色领结
hand_fan,手持团扇
light_purple_hair,浅紫色头发
clothing_aside,侧拉衣襟
black_necktie,黑领带
scar_on_face,面部伤疤
abyssal_ship,深海栖舰
tanlines,晒痕
colored_sclera,异色巩膜（眼白）
topless_male,男性裸上身
animal_hands,兽爪手掌
blue_one-piece_swimsuit,蓝色连体泳装
rabbit,兔子
brown_pantyhose,棕丝连裤袜
eyebrows_hidden_by_hair,眉隐发间
blue_necktie,标准领带（蓝）
black_bowtie,黑色领结
mature_male,成熟男性
white_one-piece_swimsuit,白色连体泳衣
black_one-piece_swimsuit,黑色连体泳装
rabbit_girl,兔耳少女
furry_female,女性兽人
tail_ornament,尾部装饰
yellow_ascot,黄领巾
blue_bowtie,蝴蝶领结（蓝）
bridal_garter,新娘腿环
checkered_clothes,格子纹服装
brown_thighhighs,棕过膝袜
headpat,摸头杀动作
blue_thighhighs,蓝色过膝袜
pom_pom_(cheerleading),啦啦队彩球
hakama_short_skirt,短款袴裙
bird_wings,鸟类羽翼展开
single_side_bun,单侧发髻
bat_(animal),蝙蝠生物
red_thighhighs,红色过膝袜
furry_male,男性兽人
blood_on_clothes,衣襟染血
artist_logo,画师水印
yellow_neckerchief,黄色方领巾
crescent_hat_ornament,帽饰新月
open_cardigan,敞开开衫
arm_strap,臂带设计
sample_watermark,样本水印
male_child,小男孩
purple_thighhighs,紫色过膝袜
tail_raised,翘尾姿态
red_ascot,阿斯科特式红领巾
bare_pectorals,男性袒胸
blue_neckerchief,方巾式蓝领巾
tracen_school_uniform,特雷森学园制服
body_fur,体表绒毛
animification,（非动画角色）动画风格化
tile_floor,瓷砖地面
cowbell,牛铃
name_connection,同名梗联动
hand_on_own_thigh,自摸大腿
black_neckerchief,黑色领巾
striped_necktie,条纹领带
two-tone_dress,双色连衣裙
star_hat_ornament,帽饰星徽
voice_actor_connection,声优合作
holding_another's_wrist,抓手腕
white_fur,白色毛皮
yellow_necktie,黄色领带
heart_brooch,爱心胸针
rabbit_hair_ornament,兔形发饰
yellow_bowtie,黄色领结
holding_stuffed_toy,抱玩偶
zzz,zzz
fishnet_thighhighs,鱼网过膝袜
heads_together,头碰头
white_bowtie,白色领结
light_frown,微微皱眉
green_necktie,绿色领带
fish_tail,鱼尾
striped_bowtie,条纹领结
purple_bowtie,紫色领结
pink_bowtie,粉色领结
pectoral_cleavage,胸肌中缝线条
biceps,肱二头肌
aqua_necktie,水色领带
single_mechanical_arm,单只机械义肢
grey_thighhighs,灰色过膝袜
onee-shota,小孩开大车
dark_background,暗色背景
shark_tail,鲨鱼尾鳍
animal_collar,宠物项圈
sweater_lift,毛衣上撩
tassel_earrings,流苏耳坠
serval_print,薮猫纹样
frilled_thighhighs,花边过膝袜
animal_nose,动物鼻子
traditional_bowtie,经典领结
roswaal_mansion_maid_uniform,罗兹瓦尔邸女仆装（Re:从零开始的异世界生活）
colored_tips,发梢挑染
navel_hair,腹毛细节
flight_deck,飞行甲板
heart-shaped_chocolate,心形巧克力
utility_pole,电线杆场景
arthropod_girl,虫肢少女
ear_covers,兽耳护罩
slime_(substance),粘液物质
orange_(fruit),柑橘元素
squatting_cowgirl_position,M字开腿骑乘位
towel_on_head,包头毛巾
blood_on_hands,血手
torn_dress,破损连衣裙
white_neckerchief,白色方领巾
pink_necktie,粉色领带
open_hands,双手展开
bra_visible_through_clothes,透视文胸轮廓
vertical-striped_thighhighs,竖条纹过膝袜
toeless_footwear,露趾鞋
tile_wall,瓷砖墙面
energy,能量特效
orange_bowtie,橙色领结
crescent_pin,月牙别针
frilled_pillow,花边靠枕
unsheathed,武器出鞘
torn_skirt,破损短裙
green_bowtie,绿色领结
blunt_ends,齐切发尾
long_bangs,长刘海
purple_necktie,紫色领带
employee_uniform,职业制服
multicolored_jacket,拼色夹克
red_eyeshadow,红色眼影
obijime,腰绳装饰
winter_uniform,冬季制服
striped_pantyhose,条纹连裤袜
blood_on_weapon,凶器染血
shark_girl,鲨鱼娘
ear_bow,兽耳蝴蝶结
food_focus,食物焦点构图
black_cloak,黑色斗篷
holding_own_arm,自抱手臂
frilled_hat,花边帽
white_ascot,白领巾
earth_(planet),地球
blue_socks,蓝色短袜
demon_slayer_uniform,鬼杀队服（鬼灭之刃）
baggy_pants,阔腿裤
grey_pantyhose,灰色连裤袜
arm_around_shoulder,搭肩
improvised_gag,临时口塞
kissing_cheek,面颊吻
brown_fur,棕毛兽皮
folded_fan,合拢折扇
v-fin,V型天线（高达）
leaning_on_person,依偎他人
hands_in_hair,双手插发
lower_teeth,（口中能看到）下齿
lightning_bolt_symbol,⚡
elbow_rest,支肘姿势
contrail,航迹云
print_bowtie,印花领结
american_flag_dress,星条旗连衣裙
two-tone_shirt,双色衬衫
hand_under_clothes,衣内动作
spacecraft,航天器
two-tone_fur,双色毛皮
milestone_celebration,粉丝数里程碑贺图
hand_on_own_arm,自抚手臂
partially_undressed,半褪衣衫
open_dress,裙装敞开
footwear_bow,鞋面蝴蝶结
hooded_capelet,连帽短披肩
taur,半兽人下身（如人马）
banner,横幅
digimon_(creature),数码兽
blue_pantyhose,蓝色裤袜
official_alternate_hairstyle,官设发型
arm_rest,倚臂休憩
obliques,腹肌线条
multiple_rings,指间叠戒
forked_eyebrows,分叉眉
throwing,投掷动作
holding_another's_arm,搀扶手臂
obiage,腰带包布
scar_on_chest,胸口伤疤
pink_neckerchief,粉色三角巾
body_markings,身体印记
prosthetic_arm,仿生假肢
asymmetrical_footwear,不对称鞋履
chips_(food),薯片
bandaged_hand,包扎手掌
seagull,海鸥
lion_girl,狮子娘
chest_harness,胸部束带
licking_finger,舔手指
bird_ears,羽状耳饰
traditional_youkai,和风妖怪
pokephilia,宝可梦性化
midair,悬空状态
in_tree,树上场景
tiger_girl,虎娘
food_on_head,头顶食物
coat_on_shoulders,披肩外套
uneven_gloves,不匀手套
blue_gemstone,蓝色宝石
christmas_ornaments,圣诞挂饰
chained,锁链束缚
bar_(place),酒吧场景
purple_pantyhose,紫色连裤袜
shared_clothes,共用衣物
orange_necktie,橙色领带
gekkoukan_high_school_uniform,月光馆学园制服（《女神异闻录3》）
bento,便当盒
ear_ribbon,耳部缎带
arm_hair,手臂体毛
layered_clothes,层次穿搭
stuffed_cat,猫咪布偶
rabbit_hood,兔耳兜帽
medal,勋章饰品
earclip,耳夹
hallway,走廊场景
mobile_suit,机动战士
furry_with_non-furry,跨物种
black_ascot,黑缎领巾
horseshoe_ornament,马蹄铁装饰
green_thighhighs,绿色过膝袜
feather_trim,羽缘镶边
two-tone_skirt,双色短裙
turtle_shell,龟壳
yellow_fur,黄色毛皮
finger_to_cheek,戳腮帮子
doorway,门框构图场景
chest_sarashi,缠胸布
hand_on_another's_hip,扶胯动作
brown_bag,牛皮纸手提袋
red_gemstone,红宝石
untied_panties,内裤系带未系
multiple_horns,多角造型
clothes_in_mouth,衔衣
see-through_shirt,透视衬衫
lights,灯光
flame-tipped_tail,焰尾
head-mounted_display,VR头显
sun_symbol,日轮图腾
magazine_(object),杂志（实物）
striped_jacket,条纹夹克
kitauji_high_school_uniform,北宇治高中制服（《吹响！上低音号》）
white_robe,白色法袍
scar_on_nose,鼻梁伤疤
scar_on_arm,手臂伤疤
frilled_hair_tubes,褶边发筒
holding_person,抓住某人
hand_grab,抓握手势
hairy,浓密体毛
dog_boy,犬系少年
hand_on_another's_back,扶背动作
red_one-piece_swimsuit,红色连体泳装
white_feathers,白色羽饰
multiple_belts,多层腰带
bird_girl,羽化少女
jackal_ears,胡狼耳
club_(weapon),棍棒武器
hand_on_another's_arm,搭手小臂
flower_pot,花盆道具
animal_penis,动物肉棒
patterned_background,图案背景
still_life,静物画
santa_bikini,圣诞比基尼
tied_up_(nonsexual),束缚状态（非情色）
small_penis,短小肉棒
holding_smoking_pipe,抽烟斗
linea_alba,平滑腹肌
holding_pom_poms,挥啦啦球
red_pantyhose,红色连裤袜
diagonal-striped_bow,斜纹蝴蝶结
roman_numeral,罗马数字
shimakaze_(kancolle)_(cosplay),岛风COS（舰队Collection）
covered_abs,若隐腹肌
blue_lips,蓝色唇妆
shuuchiin_academy_school_uniform,秀知院学园制服（《辉夜大小姐想让我告白》）
aqua_bikini,水色比基尼
beak,鸟喙
grey_sky,灰暗天空
ankle_cuffs,踝部拘束
tail_through_clothes,尾巴穿透衣物
torn_cape,破损披风
shoulder_spikes,肩部尖刺
rectangular_eyewear,方框眼镜
black_fur,黑色毛皮
crossed_bandaids,交叉创可贴
dynamax_band,极巨腕带（宝可梦剑盾）
plum_blossoms,梅花元素
curtain_grab,抓帘动作
black_bag,黑手提包
shark_hair_ornament,鲨鱼发饰
blue_ascot,阿斯科特蓝领巾
colored_tongue,异色舌
white_cloak,白色长斗篷
hair_horns,角状发型
video_camera,摄像机
two-tone_bikini,双色比基尼
patterned_clothing,印花服饰
spread_wings,展开的双翼
yoga_pants,瑜伽裤
arch,拱形结构
green_lips,绿色嘴唇
twitching_penis,肉棒颤动
egg_(food),蛋类食品
instant_loss,即堕
monocle_hair_ornament,单片眼镜形头发装饰
action,动作
spiked_armlet,尖刺臂环
black_lips,黑唇妆
energy_wings,光翼
finger_in_own_mouth,自吮手指
winged_hat,羽翼装饰帽
yellow_thighhighs,黄色过膝袜
orange_thighhighs,橙色过膝袜
gradient_legwear,渐变袜
gradient_pantyhose,渐变色裤袜
gradient_thighhighs,渐变色过膝袜
pantyhose_under_shorts,短裤内穿裤袜
torn_pantyhose,破损连裤袜
orange_pantyhose,橙色连裤袜
pink_pantyhose,粉色连裤袜
vertical-striped_pantyhose,竖条纹连裤袜
green_pantyhose,绿色连裤袜
general,一般
sensitive,敏感
questionable,可疑
explicit,明确
striped_clothes,条纹服装
hand_on_own_hip,叉腰姿势
upper_teeth_only,仅露上齿
^_^,^_^
grabbing_another's_breast,抓胸
>_<,>_<
covering_privates,遮挡私处
...,...
:<,:<
swim_ring,游泳浮圈
!,!
vertical-striped_clothes,竖条纹服饰
unworn_headwear,未佩戴的头饰
@_@,@_@
mini_person,迷你人形
hands_on_own_hips,双手叉腰
breasts_squeezed_together,乳沟挤压
+_+,+_+
=_=,=_=
unworn_hat,未戴的帽子
o_o,o_o
:t,:t
hugging_object,环抱物体
;),;)
!?,!?
cum_overflow,精液溢流
nipple_stimulation,乳头刺激
|_|,|_|
covering_own_mouth,自捂嘴
reaching_towards_viewer,向画面外伸手
+++,+++
stuffed_rabbit,兔子布偶
blue_halo,蓝色光环
tight_clothes,紧身服饰
pink_halo,粉色光环
unworn_eyewear,未佩戴的眼镜
on_one_knee,单膝跪姿
unworn_shoes,未穿的鞋子
copyright_notice,版权声明
!!,!!
double-parted_bangs,双分额发
argyle_clothes,菱形纹服饰
drink_can,饮料易拉罐
black_sports_bra,黑色运动内衣
0_0,0_0
;o,;o
content_rating,分级标识
nervous_sweating,冷汗涔涔
red_halo,红色光环
puff_of_air,喷气效果
yellow_halo,黄色光环
unworn_panties,未穿的内裤
unworn_skirt,未穿的裙子
d:,D：
cube_hair_ornament,立方体发饰
artistic_error,作画失误
0.125,3:00
official_alternate_hair_length,官设发长
xd,xd
lower_teeth_only,露下齿
medium_bangs,中长刘海
unworn_clothes,未穿着的衣物
lapels,西装驳领
holding_removed_eyewear,摘眼镜动作
print_pantyhose,印花裤袜
cow_print_bikini,奶牛比基尼
animal_ear_headphones,兽耳耳机
swivel_chair,办公转椅
mixed-sex_bathing,异性混浴场景
cable_knit,绞花针织
print_thighhighs,印花过膝袜
see-through_cleavage,透视乳沟
unworn_jacket,未穿的夹克
bikini_bottom_aside,泳裤侧边
one-piece_swimsuit_pull,连体泳衣下拉
unworn_mask,未戴的面具
unconventional_maid,非传统女仆装
weibo_username,微博用户名标注
looking_at_object,寻找物体
winged_arms,羽翼状臂饰
2021,2021
2022,2022
earpiece,单边耳机
white_horns,白色犄角
two-tone_gloves,双色手套
2023,2023
small_horns,短小犄角
dangle_earrings,垂坠耳饰
bike_shorts_under_skirt,裙内骑裤
bikini_top_lift,上托泳衣
idol_clothes,打歌服
biting_own_lip,自咬下唇
text_background,文字背景板
goth_fashion,哥特时尚
green_gemstone,绿宝石
on_grass,在草地上
unworn_bra,未穿着的文胸
wing_hair_ornament,羽翼状发饰
cowlick,自然翘呆毛
median_furrow,腹肌中线
;q,;q
fairy_(sao),导航妖精（刀剑神域）
gloved_handjob,戴手套手淫
frilled_one-piece_swimsuit,花边连体泳装
braided_hair_rings,编发圆环
non-humanoid_robot,非人型机甲
aqua_bowtie,水色领结
white_wrist_cuffs,白色袖扣
diagonal-striped_clothes,斜条纹服饰
weibo_logo,微博图标
red_eyeliner,红色眼线
holding_drink,持饮料杯
wiffle_gag,威浮球口枷
diamond_button,钻石纽扣
okobo,高下駄木屐
two-tone_swimsuit,双色泳衣
yellow_cardigan,黄色开襟衫
wolf_boy,狼人少年
black_robe,黑色长袍
rabbit_pose,兔子手势
sidelighting,侧光照明
basketball_(object),篮球道具
carrying_person,携带人
santa_dress,圣诞连衣裙
high-waist_shorts,高腰短裤
black_mask,黑色面具
lifting_another's_clothes,掀开他人衣物
rabbit_print,兔子花纹
dragon_print,龙纹印花
sleeveless_sweater,无袖毛衣
grey_socks,灰色短袜
qingdai_guanmao,青黛冠帽（古风头饰）
fox_boy,狐耳少年
animal_ear_piercing,兽耳穿刺
gold_earrings,金耳环
tassel_hair_ornament,流苏发饰
mandarin_collar,中式立领
2020,2020
scene_reference,场景参照
grey_horns,灰色犄角
yellow_pupils,金色瞳孔
drill_sidelocks,螺旋鬓角
cross_scar,十字伤疤
twitter_logo,推特标志
eye_mask,眼罩
holding_controller,握游戏手柄
parted_hair,分缝发型
squirrel_girl,松鼠女孩（漫威角色）
white_sports_bra,白色运动内衣
cellphone_photo,手机拍照画面
blue_fur,蓝色绒毛
covering_own_eyes,自遮眼
heart-shaped_pillow,心形抱枕
hugging_doll,环抱人偶
unworn_helmet,未戴的头盔
multi-strapped_bikini_bottom,多绑带比基尼下装
multicolored_swimsuit,多色泳装
hand_on_another's_thigh,搭大腿动作
blue_overalls,蓝色工装裤
beard_stubble,髭须短茬
jirai_kei,地雷系风格
black_corset,黑色紧身胸衣
evolutionary_line,进化链
high_side_ponytail,高位侧马尾
red_socks,红色短袜
:i,:i
o-ring_choker,O型环项圈
scar_on_forehead,额头伤疤
holding_leash,牵宠物绳
holding_hammer,抡锤姿势
unworn_shirt,未穿的衬衫
cum_on_male,男性沾精
matching_outfits,情侣套装
red_armband,红色袖章
strapless_shirt,无肩带衬衣
turning_head,转头动作
tiger_boy,虎耳少年
pawpads,肉球
asticassia_school_uniform,阿斯提卡西亚校服（水星的魔女）
skin_fangs,皮肤虎牙群
medium_dress,中长连衣裙
looking_over_eyewear,眼镜滑落
foot_up,提足动作
flower_wreath,花环
blue_apron,蓝色围裙
chest_belt,胸带
year_of_the_tiger,虎年主题
year_of_the_rabbit,兔年主题
feather_earrings,羽状耳坠
brown_sweater_vest,棕毛背心
loose_hair_strand,垂落发丝
people,复数人物群像
brown_capelet,短款棕披肩
pom_pom_hair_ornament,绒球发饰
head_grab,抓头动作
grey_fur,灰色毛皮
single_ear_cover,单耳罩
thick_arms,粗壮手臂
narrowed_eyes,眯眼表情
>_o,>_o
very_sweaty,大汗淋漓
2019,2019
high-waist_pants,高腰长裤
borrowed_clothes,借穿服装
diagonal-striped_necktie,斜纹领带
black_leggings,黑色紧身裤
2018,2018
o3o,o4o
bread_slice,切片面包
red_hoodie,红色连帽衫
drawing_(object),绘图对象
character_hair_ornament,角色发饰
pulling_another's_clothes,拉扯他人衣物
grey-framed_eyewear,灰框眼镜
facing_to_the_side,侧颜视角
star_halo,星辉光晕
white_male_underwear,男士白色底裤
turtleneck_dress,高领连衣裙
striped_horns,斑纹犄角
multiple_moles,多痣特征
holding_handheld_game_console,持掌机
reference_inset,参考图插入
year_of_the_ox,牛年主题
red_bag,红色手提包
black_sash,装饰黑绸带
slime_(creature),史莱姆生物
false_smile,假笑
holding_clipboard,拿写字板
playing_with_own_hair,玩自己头发
very_long_sleeves,超长袖设计
naked_jacket,裸穿夹克
dragon_boy,龙角少年
notched_lapels,戗驳领
green_hoodie,绿色连帽衫
white_sash,白色绶带
2016,2016
single_pauldron,单侧肩甲
short_bangs,短刘海发型
reflective_water,镜面水体
mixed-language_text,多语言文本
orange-tinted_eyewear,橙色镜片
cracked_skin,皮肤皲裂
finger_to_own_chin,指托下巴姿势
furry_with_furry,兽人与兽人
hand_on_own_leg,自按腿部动作
traditional_nun,传统修女装
balcony,阳台场景
cheating_(relationship),出轨行为
hyur,人族（FF14种族）
after_ejaculation,射精后
pendant_choker,吊坠颈链
2017,2017
pink_bag,粉色手提包
nontraditional_playboy_bunny,创新兔女郎
;3,;3
2015,2015
hands_on_another's_head,双手摸头
holding_lantern,提灯笼
two-sided_cape,双面披风
cosmetics,化妆品
assault_visor,战术目镜
shark_hood,鲨鱼头兜帽
plaid_bowtie,格子领结
glowing_sword,辉光剑刃
holding_stick,拄木棍
panty_straps,内裤肩带
fake_phone_screenshot,伪造手机截图
black_wristband,黑色腕带
censored_nipples,乳头打码
champion's_tunic_(zelda),英杰服（塞尔达传说）
latex_bodysuit,连体乳胶衣
grey_kimono,灰色和服
little_busters!_school_uniform,小克星!校服
sleeping_on_person,倚人而眠
hand_on_another's_ass,搭臀动作
fanbox_username,Fanbox用户标注
tactical_clothes,战术装备服装
tall_female,高个子女角色
u_u,u_u
millennium_cheerleader_outfit_(blue_archive),千年学院啦啦队服（蔚蓝档案）
green_neckerchief,绿色方巾
industrial_pipe,工业管道
o-ring_thigh_strap,O型环腿带
frilled_socks,花边短袜
cone_horns,锥形角
grey_necktie,灰色领带
holstered,枪套
head_on_pillow,枕上头部
blue_sash,蓝色腰带
two-sided_jacket,双面夹克
pink_pupils,粉色瞳孔
plaid_necktie,方格呢领带
backless_leotard,露背连体衣
holding_swim_ring,拿泳圈
multiple_condoms,多个避孕套
loose_clothes,舒适宽松服饰
mechanical_tail,机械尾巴
tokusatsu,特摄风格
stomach_cutout,露腹设计
black_male_underwear,男士黑内裤
patchwork_skin,拼贴皮肤
emoji,绘文字
nijigasaki_academy_school_uniform,虹咲学园制服
constellation_print,星座印花
floating_clothes,衣袂飘举
see-through_skirt,透纱短裙
black_pubic_hair,黑色阴毛
tracen_training_uniform,特雷森训练服
blue_eyeshadow,蓝色眼影
handsfree_ejaculation,无接触射精
puckered_anus,缩肛后外凸
open_pants,开裆裤装
cum_on_penis,肉棒沾精
inverted_bob,内扣短发
drop_earrings,坠形耳饰
sleeve_garter,袖口吊带
heart_o-ring,心形O型环
two-tone_ribbon,双色缎带
chest_strap,胸扣带
kalashnikov_rifle,AK突击步枪
tight_shirt,紧身衬衫
brown_necktie,棕条纹领带
gold_hairband,金发箍
yellow_hoodie,黄色连帽卫衣
eye_focus,眼神聚焦
white_bag,白色手提包
red-tinted_eyewear,红色镜片
deviantart_username,DeviantArt用户名标注
eyebrow_cut,断眉造型
animal_ear_headwear,兽耳头饰
collared_coat,翻领大衣
collared_cape,立领披风
sports_car,跑车
grey_scarf,灰色围巾
grey_border,灰色边框
birdcage,鸟笼
green_sleeves,绿色袖口
orange_fur,橙色毛发
window_blinds,百叶窗
leopard_ears,豹耳
purple_gemstone,紫色宝石
futanari_masturbation,扶她自慰
scar_on_neck,颈部伤疤
clover_print,三叶草印花
lycoris_uniform,莉可丽丝制服
holding_game_controller,持游戏控制器
pink_socks,粉色短袜
black_buruma,黑色运动短裤
greatsword,巨剑
pixiv_id,Pixiv作品ID
multicolored_fur,多彩毛皮
green_apron,绿色围裙
park_bench,公园长椅
brushing_hair,梳头动作
eyebrow_piercing,眉钉
bird_legs,禽类足部
plaid_headwear,格子头饰
space_helmet,宇航头盔
white_tail,白色尾饰
blood_from_eyes,血泪
fiery_hair,焰色发丝
sidepec,侧胸肌
red_fur,红色毛皮
leather_belt,皮质腰带
green_halo,绿色光环
claw_ring,爪形戒指
dyed_bangs,挑染刘海
two-tone_eyes,双调眸色
wrinkled_skin,皮肤皱纹
fake_antlers,装饰鹿角
frilled_cuffs,褶边袖口
scissor_blade_(kill_la_kill),战维剪刃（《斩服少女》）
two-tone_bowtie,双色领结
palm_leaf,棕榈叶
pink_blood,粉红血液
holding_brush,握刷子
against_tree,倚树而立
black_halo,黑色光晕
checkered_necktie,棋盘格领带
on_bench,长椅场景
jack-o'_challenge,万圣节挑战
e.g.o_(project_moon),EGO装备（脑叶公司）
bear_girl,熊系少女
fur-trimmed_cloak,毛皮镶边斗篷
electrokinesis,控电能力
fangs_out,獠牙外露
gold_bracelet,金手镯
black_undershirt,黑色内衣rshirt
incoming_attack,攻击将至
poke_ball_symbol,精灵球符号
pink_fur,粉色毛皮
cum_on_legs,腿间精液
shortstack,矮胖萌体型
holding_baseball_bat,棒球棍持握
hand_on_eyewear,扶眼镜动作
fertilization,授精暗示
thigh_cutout,腿部镂空设计
knees_apart_feet_together,膝分足并姿势
ribbon-trimmed_clothes,缎带镶边服饰
blue_bag,蓝手提包
purple_belt,紫色腰带
leg_hold,腿部禁锢
wooden_table,木桌
red_bandana,红色头巾
spoken_character,对话角色
halloween_bucket,南瓜桶道具
blue_collar,蓝领装饰
white_veil,白色头纱
yellow_armband,黄色臂章
flower_ornament,花卉装饰
shoulder_boards,肩章
fish_(food),鱼料理
blowing_kiss,飞吻
:x,:x
x_x,x_x
multicolored_shirt,撞色衬衫
cooking_pot,汤锅
viera,维埃拉族
penis_out,肉棒外露
brown_socks,棕色短袜
single_fingerless_glove,单侧露指手套
yellow_horns,黄色犄角
yellow_belt,黄色腰带
homurahara_academy_school_uniform,穗群原学园校服
stuffed_shark,鲨鱼玩偶
veiny_arms,手臂静脉凸起
unworn_bikini_top,未穿比基尼上装
against_railing,倚栏而立姿势
pyrokinesis,控火能力
chocolate_on_body,身体涂绘巧克力
truck,卡车载具
redesign,再设计
2024,2024
shower_(place),淋浴间
bow_earrings,蝴蝶结耳环
fur-trimmed_kimono,毛皮和服
very_long_fingernails,超长指甲
cropped_hoodie,短款卫衣
bandaid_on_hand,手部创可贴
onee-loli,姐系萝莉
sticker_on_face,面部贴纸
pink_pajamas,粉色睡衣
wooden_fence,木篱笆
bandaged_neck,颈部绷带
crescent_facial_mark,月牙面纹
heart_balloon,爱心气球
x,叉形标记
blue_cloak,长款蓝斗篷
stitched_face,缝合面部
sparse_pubic_hair,稀疏阴毛
hand_on_another's_waist,搭腰接触动作
behind_another,遮挡构图
sweatpants,运动束脚裤
shoulder_strap,包带式肩带
eyewear_on_headwear,头饰配镜
cowboy_western,西部风格
brown_horns,棕褐色犄角
grabbing_another's_chin,捏下巴
respirator,呼吸器式面罩
unworn_boots,未穿的靴子
torpedo_tubes,鱼雷发射管
male_playboy_bunny,兔男郎装扮
bow_(music),琴弓
thigh_belt,大腿束带
bulletproof_vest,防弹背心
nipple_bar,乳环装饰
kibito_high_school_uniform,鬼人高中制服
purple_capelet,紫色短披肩
yellow_bag,黄色手提包
instagram_username,Instagram用户账号标注
3others,3个非人类
index_fingers_together,双食指相触
bodice,束身胸衣
nike_(company),耐克品牌
pink_eyeshadow,粉色眼影
palette_(object),调色板
pink_belt,粉色腰带
reindeer_costume,驯鹿造型服
ribbon-trimmed_collar,缎带装饰领口
snap-fit_buckle,侧开咔嗒扣
head_on_another's_shoulder,倚肩动作
pink_one-piece_swimsuit,粉色连体泳衣
magatama_earrings,勾玉耳饰
hand_on_another's_neck,扶颈动作
holding_balloon,手持气球
blue-tinted_eyewear,蓝色调眼镜
moon_(ornament),月形装饰
buttoned_cuffs,袖口系扣
cow_boy,牛仔装扮
torn,撕裂破损细节
psychic,超能力属性
hair_in_own_mouth,含住自己发丝
banknote,纸币
stone_floor,石质地板
purple_eyeshadow,紫色眼影
yellow_sash,黄色饰带
penis_size_difference,肉棒尺寸差异
holding_scissors,持剪刀
tail_wrap,尾巴缠绕物体
brown_cloak,棕褐色斗篷
cum_on_hands,掌中精液
body_freckles,身体雀斑
utaite,唱见
overcast,阴云密布
rainbow_gradient,彩虹渐变
chibi_only,纯Q版画面
sitting_on_object,坐物体上
pussy_piercing,阴部穿刺
._.,._.
hickey,吻痕印记
ace_(playing_card),扑克A牌
multicolored_bow,多彩蝴蝶结
mole_on_ass,臀部痣
romper,连体裤装
diamond_cutout,几何切割镂空
large_testicles,大睾丸
kissing_forehead,额头吻
prosthetic_leg,义肢腿部
gold_bikini,金色比基尼
grey_belt,灰色腰带
heel_up,单脚脚跟抬起
triangle_earrings,三角形耳环
bow_choker,蝴蝶结颈饰
delinquent,不良少年
dress_flower,裙饰花卉
animal_bag,兽形挎包
rabbit_boy,兔耳少年
mechanical_hands,机械手掌
green_flower,绿色花朵
6+others,6+非人类
hooded_robe,连帽长袍
purple-tinted_eyewear,紫色调镜片
yellow_pants,黄色长裤
purple_fur,紫色毛皮
straddling_paizuri,骑乘位乳交
heart_button,爱心纽扣
ammunition_pouch,弹药包
lettuce,莴苣叶
sleeveless_turtleneck_leotard,无袖高领连体衣
plaid_jacket,格子夹克
orange_neckerchief,橙色颈巾
multicolored_horns,多彩犄角
grid_background,网格背景
drinking_straw_in_mouth,衔吸管
diving_suit,潜水服
sakuramon,樱花纹章
holding_water_gun,持水枪
pixiv_username,Pixiv用户名标注
two-tone_headwear,双色头饰
brown_bowtie,棕纹领结
user_interface,用户界面元素
leg_armor,全腿铠甲
frilled_shorts,花边短裤
tricorne,三角帽（海盗风格）
fortissimo,极强音符号
cloth_gag,布质口枷
shirt_in_mouth,咬衬衫
in-franchise_crossover,同系列角色联动
purple_tail,紫色尾巴
juice,果汁元素
multicolored_coat,多色外套
team_rocket_uniform,火箭队制服（红黑配色）
colored_shoe_soles,彩色鞋底
neck_fur,颈部毛领
earth_(ornament),地元素装饰
gym,健身房
sparkler,手持烟花棒
light_blue_background,浅蓝背景
berry,浆果
mustache_stubble,唇须微茬
3d_background,3d_background
greco-roman_clothes,希腊罗马服饰
butterfly_on_hand,手停蝴蝶
turtleneck_leotard,高领连体衣
stone_wall,石墙
gradient_clothes,渐变服饰
blank_censor,空白遮挡
blue_feathers,蓝色羽毛
horse_penis,马根
sleep_mask,睡眠眼罩
unworn_bag,未携带的包
year_of_the_dragon,龙年主题
gold_choker,金项圈
multiple_piercings,多处穿孔
icho_private_high_school_uniform,市立壹中制服
ginkgo_leaf,银杏叶
chainmail,锁子甲
2014,2014
object_through_head,贯穿头部
scar_on_stomach,腹部伤疤
strongman_waist,大力士宽腰带
loose_bowtie,松散领结
blue_tongue,蓝舌
tropical_fish,热带鱼元素
unworn_sandals,未穿的凉鞋
yellow_coat,黄色外套
white_armor,银白盔甲
forked_tongue,蛇信舌
eyewear_strap,眼镜防滑链
a_certain_high_school_uniform,某高校制服
transparent_wings,透明翅膀
falling_feathers,飘羽特效
gun_sling,枪械背带
shimaidon_(sex),姐妹三重奏
purple_horns,紫色犄角
pointy_nose,尖鼻子
phoenix_crown,凤冠
artificial_eye,人造义眼
unworn_gloves,未戴的手套
cum_on_feet,足部精液
volleyball_(object),排球（物品）
full-body_tattoo,全身纹身
guiding_hand,引导手势
deerstalker,猎鹿帽（福尔摩斯式）
red_apron,红色围裙
large_hands,大手部特写
striped_headwear,条纹头饰
star_facial_mark,面部星形印记
broken_chain,断裂锁链
grey_sports_bra,灰色运动内衣
orange_pants,橙色长裤
digitigrade,趾行动物特征
goat_girl,山羊娘
tulip_hat,郁金香造型帽
kitchen_knife,菜刀
blunt_tresses,钝直发型
off-shoulder_bikini,露肩比基尼
aqua_headwear,水色头饰
wrist_guards,护腕装备
grey_bra,灰色胸罩
arched_bangs,拱形刘海
broken_halo,碎裂光环
undressing_another,为他人脱衣
mechanical_ears,机械兽耳
inverted_cross,逆十字架
brown_wings,棕褐色羽翼
masturbation_through_clothes,隔衣自慰
wiping_face,拭脸动作
tail_piercing,尾部穿孔
shards,碎片
purple_one-piece_swimsuit,紫色连体泳衣
green_capelet,绿色短斗篷
holding_fishing_rod,持钓竿
grey_halo,灰色光环
two-tone_footwear,双色鞋履
walkie-talkie,对讲机
no_eyebrows,无眉毛特征
gem_(symbol),宝石符号
circled_9,⑨
notched_ear,耳部缺口
brown_apron,棕色围裙
pink-tinted_eyewear,粉色调眼镜
fiery_horns,炎角
palms_together,合十手势
visor_(armor),护目镜（护甲）
holding_cane,拄拐动作
uneven_horns,不规则犄角
crescent_print,新月纹样
school_emblem,校徽标识
mask_around_neck,颈挂式面罩
grey_nails,灰色指甲
brown_hoodie,棕连帽卫衣
print_jacket,印花夹克
open_belt,未系腰带
breast_focus,胸部特写
tiger_stripes,虎斑纹
sidecut,侧削发型
round_image,圆形画幅
finger_to_face,指触面颊
fishnet_gloves,鱼网手套
playstation_controller,PS手柄
two-tone_bodysuit,双色紧身衣
purple_halo,紫色光环
holding_vegetable,拿蔬菜
purple_hoodie,紫色连帽衫
sunflower_field,向日葵花田
holding_hose,持水管
school_briefcase,学生公文包
sphere_earrings,球形耳环
bat_girl,蝙蝠女
hoop_piercing,环形穿刺
vibrator_cord,跳蛋连线
low_neckline,低胸领口
green_bag,绿色包袋
triangle_print,三角印花
candy_hair_ornament,糖果发饰
2013,2013
\o/,\o/
sleeveless_coat,无袖大衣
unworn_socks,未穿的袜子
holding_jacket,搭外套
teardrop_facial_mark,泪滴状面纹
single_stripe,单条纹
orange_ascot,橙色领巾
salaryman,上班族形象
photo_inset,内嵌照片
torpedo_launcher,鱼雷发射器
yo-yo,溜溜球
cheek_press,按压脸颊
purple_neckerchief,紫色三角巾
daruma_doll,达摩不倒翁
double_fox_shadow_puppet,双手狐影
basketball_uniform,篮球服
purple_fire,紫色火焰
sideless_shirt,无侧片衬衫
goatee_stubble,山羊胡茬
hand_tattoo,手部纹身
combat_helmet,战术头盔
holding_own_tail,抓自己尾巴
grey_neckerchief,灰色领巾
brushing_another's_hair,为他人梳发
single_horizontal_stripe,单道横纹
2012,2012
dark_halo,暗色光轮
accidental_exposure,意外暴露
white_bird,白羽鸟
gradient_dress,渐变连衣裙
triangle_hair_ornament,三角发饰
blood_on_knife,刃染猩红
food-themed_clothes,食物主题服饰
mechanical_eye,机械义眼
industrial_piercing,耳骨钉
flower_tattoo,花卉纹身
cheek_squash,挤脸变形
kouhaku_nawa,红白绳结
spiked_choker,尖刺项圈
sword_on_back,背剑姿势
pointing_at_another,指向他人
arrow_through_heart,穿心箭
scar_on_leg,腿部伤疤
hedgehog,刺猬
wiping_sweat,擦汗
mithra_(ff11),米特拉族（FF11）
lava,熔岩特效
c:,C：
sobu_high_school_uniform,総武高校制服
chewing,咀嚼动作
huge_bow,巨型蝴蝶结
lalafell,拉拉菲尔族（《最终幻想14》）
robot_girl,机娘
aqua_jacket,水色夹克
multiple_drawing_challenge,多主题绘画挑战
sig_sauer,西格绍尔手枪
circle_skirt,伞状裙
sleeve_bow,袖口蝴蝶结
plume,羽饰
2010,2010
pearl_bracelet,珍珠手链
orange_hoodie,橙色帽衫
hooded_cardigan,连帽开襟衫
licking_another's_face,舔脸
gibson_les_paul,GibsonLesPaul（电吉他型号）
pink_capelet,粉色短披肩
hydrokinesis,控水能力
yurigaoka_girls_academy_school_uniform,百合丘女学院制服
red_apple,红苹果
ear_wiggle,耳朵抖动
two-tone_sports_bra,双色运动内衣
linear_hatching,线性阴影
utensil_in_mouth,叼餐具
rabbit-shaped_pupils,兔形瞳孔
hand_on_lap,膝上双手
yin_yang_orb,阴阳玉
historical_name_connection,历史名物关联
dice_hair_ornament,骰子发饰
overall_shorts,工装短裤
holding_ladle,执汤勺
sweaty_clothes,汗湿衣物
shorts_under_dress,裙内穿短裤
fur-trimmed_footwear,毛皮饰鞋
streamers,庆典彩带
shiny_legwear,闪光丝袜
eden_academy_school_uniform,伊甸学园校服（蓝色监狱）
eyewear_hang,挂脖眼镜
star_brooch,星形胸针
short_sidetail,短侧辫
ribbon-trimmed_dress,缎带饰边连衣裙
same-sex_bathing,同性混浴场景
prehensile_tail,卷曲尾巴
multicolored_headwear,多彩头饰
oversized_food,巨型食物
furigana,注音式拟声文字
campfire,篝火
puppet_strings,提线木偶
futa_on_male,扶她攻男性
solid_eyes,纯色眼白
crime_prevention_buzzer,防狼警报器
thick_lips,厚嘴唇
covered_penis,遮挡阳具
spooning,环抱体位
compass_rose_halo,罗盘光轮
cross_tie,交叉领结
brown_tail,棕毛尾巴
2011,2011
food-themed_earrings,食物主题耳饰
2000s_(style),2000年代（风格）
white_umbrella,白色阳伞
holding_ice_cream,拿冰淇淋
green_socks,绿色短袜
cumulonimbus_cloud,积雨云
big_nose,大鼻子
mole_above_mouth,上唇痣
riding_pokemon,骑乘宝可梦
monster_energy,魔爪能量饮料
two-tone_bow,双色蝴蝶结
trash_bag,垃圾袋
headlamp,头戴照明灯
sword_behind_back,背后负剑
multiple_swords,多剑共持
grey_bodysuit,灰色连体衣
fur-trimmed_shorts,毛皮短裤
frilled_leotard,花边连体衣
jingasa,阵笠
hand_on_another's_leg,搭腿动作
hands_on_own_ass,自托臀部姿势
brown_corset,棕褐色束腰
nostrils,鼻孔刻画
tarot_(medium),中型塔罗牌
sitting_on_bench,坐长椅上
shirt_grab,抓衬衫动作
neck_tassel,颈饰流苏
lion_boy,狮子男孩
gradient_skin,渐变肤色
holding_gohei,持御币
sailor_moon_redraw_challenge_(meme),美少女战士重绘挑战
white_snake,白蛇
polka_dot_headwear,波点头饰
voice_actor,声优
frilled_ascot,花边领巾
colored_shadow,彩色眼影
tentacle_pit,触手深渊场景
yellow_sleeves,黄色袖管
shark_costume,鲨鱼玩偶服
hand_on_own_neck,自抚脖颈
cutout_above_navel,脐上镂空
portrait_(object),肖像道具
clapping,击掌动作
iphone,iphone
elezen,精灵族
adapted_turret,改装炮塔
high-waist_pantyhose,高腰连裤袜
mummy_costume,木乃伊装束
orange_sweater,橙色毛衣
glowing_wings,发光翅膀
torn_jacket,破损夹克
lace_choker,蕾丝颈链
collared_vest,领口背心
paw_print_background,爪印背景
tall,高挑体型
tented_shirt,衬衫乳头帐篷
ghost_costume,幽灵装
ballet,芭蕾元素
saw,锯子
penis_peek,肉棒微露
tokyo-3_middle_school_uniform,第三东京市中学制服
double_w,双手比W
calico,印花布
mouth_pull,扯嘴动作
bicorne,双角帽
holding_saucer,托茶碟
multicolored_footwear,多彩鞋履
rolling_suitcase,滚轮行李箱
pink_border,粉色边框
detective,侦探装束
painterly,油画质感
multicolored_kimono,多色和服
drawing_sword,拔剑姿态
star_tattoo,星形纹身
pixiv_logo,Pixiv标识
vampire_costume,吸血鬼装扮
kurokote,黑笼手（甲胄部件）
orange_skin,橙肤色
brown_leotard,棕色练功服
pink_ascot,粉色领巾
breast_cutout,胸部镂空
two-tone_leotard,双色连体衣
eye_trail,眼尾拖影
holding_violin,持小提琴
stole,披肩式围巾
cetacean_tail,鲸类尾鳍
holding_envelope,拿信封
deer_antlers,鹿角装饰物
sparkle_print,亮片印花
frog_print,青蛙纹样
yellow_butterfly,黄蝴蝶
battery_indicator,电量标识
pink_camisole,粉色吊带背心
androgyne_symbol,⚥
smokestack_hair_ornament,烟囱状发饰
lapel_pin,领章
crocodilian_tail,鳄尾
long_tail,长尾巴
just_the_tip,龟头插入
blue_brooch,蓝色胸针
candy_wrapper,糖纸
santa_gloves,圣诞手套
kodona,哥特系王子风
pearl_earrings,珍珠耳饰
>o<,>o<
blue_border,蓝色边框
glowing_horns,发光犄角
boobplate,胸甲板
sperm_cell,精子
instagram_logo,Instagram图标
heart_collar,爱心衣领
arm_armor,臂甲装备
puffy_cheeks,鼓腮表情
red_tail,红色尾巴
purple_socks,紫色短袜
white_mask,白色面具
fourth_east_high_school_uniform,第四东高中制服（某科学超电磁炮）
holding_legs,双腿环抱
dialogue_box,对话框
surrounded_by_penises,肉棒环绕场景
pouring_onto_self,自淋液体
egg_hair_ornament,蛋形发饰
haniwa_(statue),埴轮土偶
kamiyama_high_school_uniform_(hyouka),神山高中制服（《冰菓》）
art_tools_in_frame,画具入镜
baggy_clothes,宽松廓形服饰
bad_food,变质食物
bo_staff,长棍
yellow_cape,黄色披风
sidewalk,路边步道场景
tail_ring,尾环饰品
washing_machine,洗衣机
holding_bucket,提桶动作
analog_clock,指针时钟
mecha_focus,机甲特写
bar_stool,吧台凳
lace_gloves,蕾丝手套
blue_tail,蓝尾
sideburns_stubble,鬓角胡茬
tube_dress,筒型连衣裙
blue_sports_bra,蓝色运动内衣
naranja_academy_school_uniform,橙华学院制服
scar_on_mouth,嘴部伤疤
huge_eyebrows,浓密粗眉
nejiri_hachimaki,斜绑头巾
brown_nails,棕调美甲
hair_wings,羽翼状发型
bilingual,双语标注
covering_one_eye,单眼遮挡
thick_eyelashes,浓密睫毛
poster_(medium),海报媒介
champion_uniform,冠军制服
glowing_butterfly,发光蝴蝶
shuujin_academy_school_uniform,囚人学园制服
in_water,水中场景
red_oni,赤鬼
star_sticker,星形贴纸
grey_tail,灰色尾巴
fur_cape,毛皮披风
flaming_weapon,炎刃武器
grey_capelet,灰色短披风
choppy_bangs,参差刘海
crayon,蜡笔画风
stained_panties,染色内裤
aviator_sunglasses,飞行员款墨镜
pink_tail,粉色尾巴
owl_ears,猫头鹰耳
blue_robe,蓝色长袍
prison_clothes,囚犯服
aqua_footwear,水色鞋履
jimiko,木讷系风格
2009,2009
pinstripe_shirt,细条纹衬衫
box_of_chocolates,心形巧克力盒
evangelion_(mecha),EVA机甲（新世纪福音战士）
full_beard,络腮胡
zun_(style),ZUN式画风（东方Project）
griffin_&_kryuger_military_uniform,格里芬&克鲁格军装（《少女前线》）
bandaid_hair_ornament,绷带头饰
they_had_lots_of_sex_afterwards_(meme),事后激烈性行为（网络梗图）
pinwheel,风车玩具
yellow_sky,黄色天空
chinese_new_year,春节元素
huge_moon,满月背景
loose_shirt,松身衬衫
footwear_ribbon,鞋饰缎带
pencil_case,笔袋
pov_doorway,门口视角
mage_staff,法师权杖
white_butterfly,白蝴蝶
grey_hairband,灰色发箍
teacher_and_student,老师和学生
ornate_ring,华丽戒指
ass_ripple,臀浪抖动
coin_hair_ornament,钱币发饰
holding_tablet_pc,持平板电脑
curled_fingers,蜷曲手指
gold_footwear,金色鞋履
holding_popsicle,吃冰棍
between_pectorals,胸肌间隙特写
orange_vest,橙色背心
kikumon,菊花纹
colored_nipples,异色乳首
arthropod_limbs,节肢肢体
holding_ribbon,执缎带
yellow_tail,黄色尾饰
mole_on_cheek,脸颊痣
crotch_cutout,裆部镂空
low-tied_sidelocks,低位侧发
sheikah,希卡族（塞尔达传说）
single_epaulette,单肩章
heart_facial_mark,面部爱心纹
cropped_sweater,露脐毛衣
human_scabbard,人体刀鞘
pikmin_(creature),皮克敏生物
weasel_ears,鼬耳
livestream,直播
napkin,餐巾元素
wrist_bow,手腕蝴蝶结
grey_wings,灰色翅膀
pizza_slice,披萨切片
under_tree,树下场景
brown_sleeves,棕纹袖口
wall_clock,挂钟
undead,不死族
swimsuit_cover-up,泳装罩衫
green_fur,绿色毛皮
kissing_hand,吻手礼
energy_drink,功能饮料
white_hood,白色兜帽
brown_choker,棕皮质项圈
tracen_swimsuit,特雷森泳装
pink_sky,粉色天空
uncommon_stimulation,非常规性刺激
gladiator_sandals,角斗士凉鞋
mole_on_stomach,腹部痣
pursed_lips,噘嘴
nata_(tool),柴刀工具
red_tank_top,红色背心
blue_tunic,蓝色束腰外衣
print_shorts,印花短裤
deer_girl,鹿角少女
single_wrist_cuff,单侧腕带
kepi,法国平顶军帽
barbed_wire,铁丝网
white_headdress,白色头冠
hand_to_head,手部触头动作
wet_dress,湿透连衣裙
jujutsu_tech_uniform,咒术高专制服
ipod,ipod
cum_on_pectorals,胸肌精渍
cursive,草书字体
orange_sleeves,橙色袖口
brown_collar,棕色衣领
two-tone_cape,双色披风
rising_sun_flag,旭日旗
hooded_bodysuit,连帽紧身衣
red_mask,红色面具
galaxy_expedition_team_survey_corps_uniform,星系探险队勘测队制服
child's_drawing,儿童涂鸦
floating_cape,飘动斗篷
body_armor,贴身护甲
red_mittens,红色连指手套
green_tail,绿色尾巴
purple_sash,紫色饰带
satin,缎面材质
alice_(alice_in_wonderland)_(cosplay),爱丽丝梦游仙境cos
cat_ear_legwear,猫耳腿饰
squinting,眯眼
white_mittens,白色连指手套
knotted_penis,肉棒打结
blind,失明特征
grey_cape,灰色斗篷
frilled_sailor_collar,花边水手领
side_slit_shorts,侧开衩短裤
wing_ornament,翼形装饰
mash_kyrielight_(dangerous_beast)_(cosplay),玛修·基列莱特（危险野兽装Cosplay）
head_on_hand,手撑头部姿态
duel_academy_uniform_(yu-gi-oh!_gx),决斗学院制服（游戏王GX）
race_vehicle,竞速载具
condom_belt,避孕套腰带
mismatched_eyebrows,不对称眉形
patterned,花纹装饰
bullet_hole,弹孔痕迹
ice_skates,冰刀鞋
cross_choker,十字颈圈
black_sweater_vest,黑色毛衣背心
arms_around_waist,环腰拥抱
pickaxe,十字镐
dumpling,饺子
possessed,附身状态
rider_belt,骑士腰带（假面骑士）
broken_heart,心碎符号
girthy_penis,粗大肉棒
yellow_socks,黄色短袜
alternate_muscle_size,肌肉量变化
uva_academy_school_uniform,UVA学院校服
fold-over_boots,翻折靴筒
leg_wrap,绑腿布
mochi_trail,麻糬形拖尾
ar-15,AR-15步枪
gills,鳃
sleeve_ribbon,袖口缎带
gerudo,格鲁多族（《塞尔达传说》）
blood_on_arm,臂染鲜血
tied_jacket,束腰外套
cum_in_nose,鼻腔射精
blue_tank_top,坦克背心（蓝）
two-sided_dress,双面连衣裙
holding_beachball,托沙滩球
checkered_flag,格子旗
ojou-sama_pose,大小姐姿势
multiple_weapons,武器组合
astronaut,宇航员装束
struggling,挣扎动作
wooden_chair,木制椅子
elbows_on_table,肘撑桌面
yuigaoka_school_uniform,结丘学园制服
robot_animal,机械兽
tight_dress,紧身裙装
no_jacket,无外套状态
holding_jewelry,持首饰
condom_box,避孕套盒
frilled_camisole,花边吊带背心
unworn_coat,未穿的外套
toe_ring,脚趾戒指
see-through_jacket,透视夹克
pink_cape,粉色披风
horn_ring,角环饰品
stuffed_winged_unicorn,飞翼独角兽玩偶
unworn_backpack,未背上的背包
ancient_greek_clothes,古希腊服饰
hedgehog_ears,刺猬耳
holding_megaphone,持扩音器
string_bra,绳结文胸
huge_testicles,巨睾
flower_on_head,头戴鲜花
papers,文献资料
pigeon,鸽子
unworn_dress,未穿的连衣裙
holding_letter,持信件
hand_on_forehead,单手扶额
open_bodysuit,敞开连体衣
holding_behind_back,背后持物
holding_chocolate,巧克力持拿
cracked_wall,墙体裂纹
studded_bracelet,铆钉手环
animal_skull,动物头骨
aqua_gloves,水色手套
pancake_stack,松饼堆叠
shuka_high_school_uniform,秀华高校制服
buster_sword,破坏之剑
hands_on_own_breasts,自揉双乳
shaking,颤抖动作
spray_can,喷漆罐
levitation,浮空
fish_boy,鱼人少年
head_chain,额链装饰
chicken_(food),鸡肉料理
bud,花苞
yellow_tank_top,黄色背心
polka_dot_skirt,波点短裙
orange_tail,橙色尾巴
chalice,圣杯
adidas,阿迪达斯品牌
post-apocalypse,末日废土
vertical-striped_jacket,竖条纹夹克
leather_pants,皮裤
hard_hat,安全头盔
electrical_outlet,电源插座
cardigan_around_waist,腰系开衫
torn_bodystocking,破损连体袜
shoulder_cannon,肩部炮台
lattice,菱格纹
purple_ascot,紫色领巾
twitter_strip_game_(meme),推特条纹游戏（梗图）
cross_pasties,十字乳贴
clownfish,小丑鱼
holding_money,数钞票
two-tone_hoodie,双色连帽衫
weightlifting,举重运动
berry_(pokemon),树果（宝可梦）
grey_tank_top,灰色背心
hands_on_another's_hips,双手扶胯
christmas_present,圣诞礼盒
barefoot_sandals_(jewelry),裸足凉鞋（首饰）
breasts_on_table,桌台托胸
coconut,椰子
brick_floor,砖砌地面
ashford_academy_school_uniform,阿什福德校服（反叛的鲁路修）
heart_maebari,爱心前贴
male_maid,男仆装束
oohashi_high_school_uniform,大桥高校制服
fumo_(doll),芙姆玩偶（东方Project）
rough_sex,粗暴性交
amplifier,音响设备
arm_cuffs,臂部拘束
floral_print_kimono,花卉纹和服
fake_nails,美甲贴片
<o>_<o>,<o>_<o>
pendulum,摆钟
between_toes,趾间特写
ribbon-trimmed_headwear,缎带头饰
multiple_heads,多头形象
clown,小丑装束
logo_parody,徽标模仿
joestar_birthmark,乔家星形胎记
taimanin_suit,对魔忍战斗服
jaguar_print,美洲豹纹
adjusting_necktie,整理领带
butter,黄油
multi-strapped_panties,多绑带内裤
on_motorcycle,骑乘摩托
medallion,圆形勋章装饰
pussy_juice_drip_through_clothes,淫水渗透衣物
holding_notebook,执笔记本
ear_birthmark,耳部胎记
pool_of_blood,血泊
hololive_idol_uniform,Hololive偶像服
yellow_raincoat,黄色雨衣
sleep_bubble,睡眠气泡
flower_over_eye,遮眼花朵
cardigan_vest,针织背心
bridal_legwear,新娘袜饰
cartoon_bone,卡通骨头
yellow-tinted_eyewear,黄色镜片
flaming_sword,火焰剑
opened_by_self,自主敞开衣物
bean_bag_chair,懒人沙发
bunny_day,兔耳日主题
tongs,火钳工具
usekh_collar,古埃及宽项圈
cross-laced_sleeves,交叉束袖
warning_sign,警示标志
green_tunic,绿色束腰外衣
otter_ears,水獭耳
affectionate,亲昵状态
pectoral_press,胸肌挤压
green_tank_top,绿色背心
windowsill,窗台
beam_saber,光束军刀
tail_around_own_leg,尾巴缠腿
white_romper,白色连体裤
strapless_one-piece_swimsuit,抹胸连体泳衣
stalk_in_mouth,口中缠绕物
youtou_high_school_uniform,耀东高校制服
long_earlobes,长耳垂
panzer_iv,四号坦克（军事元素）
baton_(conducting),指挥棒
sauna,桑拿房
narration,旁白
vietnamese_dress,越南传统服饰
licking_armpit,舔腋窝
hole,孔洞元素
very_wide_shot,广角镜头
dog_penis,犬形肉棒
hoodie_lift,掀卫衣帽动作
bear_costume,熊布偶装
snowflake_background,雪花背景
squeans,吱吱声（拟声词）
grand_piano,三角钢琴
green_belt,绿色腰带
arms_between_legs,双腿夹双臂姿势
acorn,橡果
hammock,吊床场景
looking_through_legs,腿间窥视视角
omikuji,御神签
snow_rabbit,雪兔
swinging,摇摆场景
galaxy,星系
centauroid,类人马形态
holding_branch,执树枝
shorts_around_one_leg,单腿短裤缠绕
ad,广告元素
character_age,角色年龄
aqua_neckerchief,水色领巾
holding_remote_control,拿遥控器
eldritch_abomination,克苏鲁式异形
nose_ring,鼻环装饰
through_medium,介质穿透
h&k_ump,HKUMP冲锋枪
hair_dryer,吹风机（道具）
super_saiyan_1,超赛第一阶段
jacket_pull,拽外套动作
maneki-neko,招财猫摆件
kissing_penis,亲吻肉棒
cross-laced_dress,交叉束腰连衣裙
credits,制作名单
polka_dot_shirt,波点衬衫
infinity_symbol,∞
underbutt,臀下曲线
underpec,胸肌下缘
fur_cloak,全毛皮斗篷
holding_skull,持头骨
four-leaf_clover_hair_ornament,四叶草发饰
bowlegged_pose,蟹股
deformed,形体扭曲
potara_earrings,波塔拉耳环
detached_hair,断发表现
animal_on_arm,臂弯动物
bag_of_chips,薯片袋
grey_leotard,灰色体操服
messy_room,杂乱房间
glaive_(polearm),长柄刀
print_necktie,印花领带
head_only,头部特写
zora,卓拉族（塞尔达传说）
ultra_ball,超级球（宝可梦）
height_chart,身高对比图
holding_sex_toy,握情趣玩具
blue_bandana,方巾头饰（蓝）
runny_makeup,花妆
apron_lift,掀围裙
long_beard,长胡须
orange_belt,橙色腰带
koi,锦鲤
aurora,极光背景
white_lily,白百合
kinchaku,巾着袋（日式束口袋）
light_machine_gun,轻机枪
camouflage_headwear,迷彩头饰
crocs,洞洞鞋
jacket_over_swimsuit,泳装外披外套
crumbs,食物碎屑
rope_belt,绳编腰带
polar_bear,北极熊元素
shoulder_sash,肩部仪式绶带
symbolism,象征主义手法
star_ornament,星状装饰物
energy_cannon,能量炮击
kiwi_(fruit),奇异果
onion,洋葱元素
checkered_sash,格子腰带
fanning_self,执扇自摇
hands_on_ground,双手撑地
yellow_sweater_vest,黄色针织背心
purple_cardigan,紫色开衫
striped_hairband,条纹三重发带
ankle_grab,握踝动作
brown_bra,棕色调文胸
floating_card,悬浮卡牌
bike_shorts_under_shorts,外短内骑
facebook_username,Facebook用户名标注
stitched_mouth,缝线嘴巴
red_feathers,红色羽毛
gymnastics,体操动作
stone_stairs,石阶
note,便签元素
print_sleeves,印花袖口
glowing_tattoo,发光纹身
green_scrunchie,绿色发圈
tape_measure,软尺道具
duckling,小鸭
thick_mustache,浓密八字胡
coin_on_string,绳穿硬币
gaming_chair,电竞椅
hand_on_leg,腿部支撑手势
forehead_tattoo,额部刺青
clear_sky,无云洁净天空
bulletin_board,公告板
roundel,徽章圆牌标志
covered_testicles,遮挡睾丸
argyle_sweater,菱形纹毛衣
sand_castle,沙堡
hospital_gown,病号服
steak,牛排
pinned,被固定状态
diamond_hairband,钻石发箍
onesie,连体睡衣
rhodes_island_logo_(arknights),罗德岛标志（明日方舟）
mmm_threesome,三人亲密互动
green_armband,绿色臂章
splatter,飞溅效果
hand_rest,扶手支撑
double_\m/,双手金属礼
shrimp_tempura,炸虾天妇罗
watching_television,看电视
two-tone_coat,双色外套
cherry_hair_ornament,樱桃发饰
sukajan,横须贺刺绣夹克
ace_of_hearts,红心A
platform_boots,厚底靴
floating_weapon,悬浮武器
above_clouds,云层之上
striped_one-piece_swimsuit,条纹连体泳衣
electric_plug,电源插头
extra_faces,多重面庞
hand_on_headphones,戴耳机动作
boy_sandwich,双男三明治
bear_tail,熊尾巴
stripper,脱衣舞者
copy_ability,复制能力
hitodama_print,灵魂火纹样
v-shaped_eyes,V形眼
rabbit_hat,兔耳帽
energy_beam,能量光束
anal_fluid,肛门黏液
thick_beard,浓密胡须
dwarf,矮人形象
paper_stack,文件堆叠
yellow_border,黄色边框
martial_arts_belt,武道腰带
invisible_man,透明人效果
fur-trimmed_collar,毛皮领饰
shared_speech_bubble,共用对话框
paint_splatter_on_face,面部彩污
hands_on_another's_thighs,按压他人腿部
zodiac,黄道十二宫
hugging_tail,尾缠拥抱
sports_bra_lift,提运动内衣动作
hand_on_wall,扶墙姿势
game_boy,GameBoy（任天堂掌机）
single_thigh_boot,单腿大腿靴
teardrop_tattoo,泪滴纹身
heart_pendant,心形吊坠
high_tops,高帮运动鞋
plaid_bra,格子文胸
sleeve_grab,抓袖动作
colored_text,彩色文字
no_mole,无痣特征
blood_bag,血袋道具
male_underwear_pull,拉扯内裤动作
oversized_limbs,比例失调的四肢
missile_pod,导弹发射舱
print_hoodie,印花卫衣
green-tinted_eyewear,绿色镜片
dress_swimsuit,裙式泳装
crane_game,抓娃娃机
flower_brooch,花卉胸针
united_states,美国元素
p90,P90冲锋枪
cum_in_container,容器存精
triplets,三胞胎角色
cross-laced_legwear,交叉绑腿袜
popped_button,崩开纽扣
canopy_bed,华盖床
minotaur,牛头人形象
candlelight,烛光氛围
salad,沙拉
tumblr_username,Tumblr用户名
on_roof,屋顶场景
before_and_after,前后对比
racecar,方程式赛车
elvaan,艾尔梵族
radish,白萝卜
ornament,装饰元素
perfume_bottle,香水瓶
blue_shawl,长款蓝披肩
butterfly_brooch,蝴蝶造型胸针
diamond_hair_ornament,钻石发饰
white_sarong,白色纱笼
precum_drip,先走液滴落
heart_on_chest,胸前爱心
kamiyama_high_school_uniform_(project_sekai),神山高中制服（《ProjectSEKAI》）
green_one-piece_swimsuit,绿色连体泳装
split_theme,分裂主题
purple_tongue,紫色舌头
wavy_eyes,波浪眼线
x3,x4
testicle_grab,抓捏睾丸
shell_hair_ornament,贝壳发饰
grey_serafuku,灰色水手服
lace-trimmed_thighhighs,蕾丝边过膝袜
crane_(animal),鹤
orange_cape,橙色披风
american_flag_print,星条旗印花
chain_headband,链条头带
massage,按摩动作
holding_frying_pan,握平底锅
dirt,污渍细节
ghost_pose,幽灵姿势
orange_leotard,橙色紧身衣
sling_bikini_top,吊带式比基尼上装
spanish_text,西班牙语文本
kabuto_(helmet),日式兜盔
planet_hair_ornament,星球发饰
hair_color_connection,发色渐变过渡
mat,榻榻米垫
text_messaging,手机短信界面
patchwork_clothes,拼布服饰
ball_and_chain_restraint,镣铐束缚
hat_on_back,后戴帽子
watermelon_slice,西瓜切片
lap_pillow_invitation,膝枕邀约姿势
holding_teapot,执茶壶
head_on_chest,倚胸姿势
pants_under_skirt,裙下穿裤
arm_between_legs,腿间夹臂姿势
pearl_hair_ornament,珍珠发饰
hand_on_own_ear,自捏耳垂
unworn_bikini_bottom,未穿比基尼下装
popsicle_in_mouth,叼冰棒
punk,朋克风格
milky_way,银河星空
multicolored_hairband,多彩发带
wet_towel,湿毛巾
drop-shaped_pupils,水滴形瞳孔
purple_serafuku,紫色水手服
western_comics_(style),美漫风格
in_palm,掌中角色
mitre,主教冠冕
hand_over_eye,遮眼动作
frilled_jacket,花边夹克
license_plate,车牌
breaking,破碎效果
penis_on_ass,臀部放置肉棒
aqua_bra,水色胸罩
blue_pajamas,蓝色睡衣
moth,蛾类特征
smoke_trail,烟迹拖尾
beetle,甲虫
cheekbones,颧骨轮廓
polka_dot_ribbon,波点缎带
ribbon_braid,缎带编发
red_curtains,红色窗帘
peony_(flower),牡丹花元素
halter_shirt,挂颈上衣
red_sports_bra,红色运动内衣
zeon,zeon
shotgun_shell,霰弹弹壳
crocodilian,鳄目生物
nudist,天体主义者
meta,元
sideless_kimono,无侧翼和服
single_knee_pad,单侧护膝
long_shirt,长衬衫
whiskey,威士忌
maid_day,女仆纪念日
multiple_scars,多处伤疤
apartment,公寓场景
segmented_comic,分格漫画
adam's_apple,喉结
saliva_drip,垂涎欲滴
cross-laced_slit,交叉开衩
syrup,糖浆液体
orange_socks,橙色短袜
joy-con,任天堂手柄
flag_background,旗帜背景
sam_browne_belt,军用斜跨腰带
satin_panties,缎面内裤
embroidery,刺绣工艺
hand_on_another's_ear,捏耳动作
fishing_line,钓线
onii-shota,兄系正太CP
ivy,常春藤缠绕
pink_umbrella,粉色阳伞
imperial_japanese_army,旧日本陆军装束
broken_window,破碎窗户
double_horizontal_stripe,双横条纹
sticky_note,便利贴
jetpack,喷射背包
two-sided_skirt,双面裙装
genderswap_(otf),无性化
blue_umbrella,蓝色雨伞
legband,运动腿带
track_uniform,田径队服
musical_note_print,音符印花
off-shoulder_one-piece_swimsuit,露肩连体泳衣
holding_wrench,握扳手
holding_another's_leg,扶腿动作
pineapple,菠萝元素
goat,山羊
wizard,魔法师
soap_bottle,皂液瓶
decapitation,断首表现
unworn_eyepatch,未戴的眼罩
hooded_dress,连帽连衣裙
floating_book,浮空书本
guard_rail,防护栏杆
rabbit_costume,兔子玩偶服
seal_(animal),海豹（动物）
hakurei_shrine,博丽神社场景
holding_riding_crop,持马鞭
skeleton_print,骷髅印花
pectoral_focus,胸肌特写
tokyo_(city),东京都市
wataboushi,绵帽子
glove_biting,咬手套
st._theresa's_girls_academy_school_uniform,圣特蕾莎女子学院校服
self_hug,自我环抱动作
baby_bottle,奶瓶
st._chronica_academy_school_uniform,圣克罗尼卡学院校服
flying_paper,纷飞纸页
breast_milk,母乳
chocolate_cake,巧克力蛋糕
pinstripe_suit,细条纹西装
green_cloak,绿色长袍
spaceship_hair_ornament,飞船发饰
joystick,游戏摇杆
pump_action,泵动式武器
box_art,盒绘艺术
pegasus_knight_uniform_(fire_emblem),天马骑士制服（火焰纹章）
green_eyeshadow,绿色眼影
orange_rose,橙色玫瑰
teeth_hold,牙咬物品
wallpaper_(object),装饰壁纸
sadism,施虐倾向
cat_bag,cat_bag
cracked_floor,龟裂地面
bandaged_wrist,腕部绷带
holding_swimsuit,拎泳衣
mast,桅杆结构
implied_kiss,错位接吻
tag,标签吊牌
spiked_hairband,尖刺发带
glass_bottle,玻璃瓶
coat_dress,大衣式连衣裙
black_sky,暗夜天幕
jester,宫廷小丑
holomyth,HoloMyth虚拟偶像组合
pubic_stubble,阴毛茬
long_nose,长鼻子
stopwatch,秒表
shoulder_belt,战术肩带
holding_footwear,拎鞋动作
holding_toy,持玩具
food_art,食物艺术摆盘
pokemon_move,宝可梦技能
hugging_book,夹书姿势
brown_border,棕边装饰
nissin_cup_noodle,日清杯面
marshmallow,块状棉花糖
half-skirt,不对称半裙
glock,Glock（手枪品牌）
fast_food,快餐文化
orange_jumpsuit,橙色工装服
flower_in_eye,覆眼之花
midriff_sarashi,缠腰布
red_track_suit,红色运动套装
k-pop,K-pop韩流风格
speaking_tube_headset,通话管耳麦
cum_on_eyewear,眼镜沾精
grey_suit,灰色西装
hooded_vest,连帽马甲
miyamasuzaka_girls'_academy_school_uniform,宫益坂女子学院制服
scylla,斯库拉（希腊神话）
bathrobe,浴袍
mole_on_body,身体痣点
spoiler_(automobile),汽车尾翼
holding_fireworks,持烟花棒
sequential,连续分镜
coif,发网式包头巾
alternate_pectoral_size,胸围变化
chained_wrists,腕部锁链
hogwarts_school_uniform,霍格沃茨校服
throwing_knife,投掷匕首
prototype_design,原型设计
bikini_shorts,泳装短裤
bow_skirt,蝴蝶结裙
side-tie_peek,侧系带露出
groom,新郎
tweaking_own_nipple,捏弄乳头
bralines,文胸结构线
blue_camisole,蓝色吊带背心
gauze,纱布
striped_coat,条纹大衣
holding_with_feet,脚趾夹物
pizza_box,披萨盒
pelt,毛皮质感
chaldea_logo,迦勒底标志（Fate系列）
unfastened,未系扣状态
merchandise,周边商品
greek_toe,希腊脚型（二趾最长）
black_armband,黑色臂章
bird_print,禽鸟印花
shared_object_insertion,共享道具插入
hanging_plant,悬垂绿植
bee,蜜蜂
hand_on_glass,按玻璃手印
vertical-striped_socks,竖条纹短袜
plaid_ribbon,格子缎带
sparse_stubble,稀疏须根
...?,...?
webbed_hands,蹼状手
contrast,对比度
virgin_destroyer_sweater,处女毁灭者毛衣
skull_ornament,骷髅装饰物
holding_test_tube,拿试管
otter,水獭
volleyball_net,排球网
fat_rolls,体脂褶皱
cola,可乐饮料
glory_wall,荣誉墙
weapon_case,武器箱
lowleg_skirt,低腰裙
fur-trimmed_shirt,毛皮饰边衬衫
missing_limb,肢体残缺
lightning_bolt_print,闪电图案
studded_collar,钉饰项圈
holding_mop,扶拖把
headlight,车头灯元素
bear_boy,熊系少年
toggles,切换开关
blue_tabard,蓝色外衣
gao,高（拟声词）
holly_hair_ornament,冬青叶发饰
pendant_watch,怀表吊坠
menu_board,餐牌看板
swiss_roll,瑞士卷糕点
exercise_ball,健身球
lyre,竖琴
lillian_girls'_academy_school_uniform,莉莲女学院校服
emotionless_sex,无感情性行为
covering_one_breast,单乳遮掩
suicide,自杀
infirmary,医务室场景
vertical-striped_pants,竖条纹长裤
model_kit,模型套件
metal_skin,金属质感皮肤
crowbar,撬棍
first_aid_kit,急救箱
blood_on_leg,腿部血迹
stained_clothes,沾满污渍的衣物
high-low_skirt,前短后长裙
gun_to_head,枪抵头部
christmas_stocking,圣诞袜
on_railing,靠坐栏杆场景
hand_wraps,拳击绑带
belt_skirt,束腰短裙
silver_dress,银色连衣裙
hexagon_print,蜂窝纹样
lace-trimmed_choker,蕾丝边项圈
brown_mittens,棕连指手套
shiny_and_normal,普通与闪光双版本
drugged,药物迷幻
hanami,赏花场景
duel_disk,决斗盘
rei_no_pool,玲之池（东方Project）
blue_hood,蓝色兜帽
naked_cloak,裸斗篷
one-piece_thong,连体丁字泳衣
black_bandeau,黑色抹胸
paralyzer,麻痹装置/武器
eye_black,烟熏眼妆
orange_goggles,橙色护目镜
crt,显像管屏幕
warrior,战士
ice_cream_float,漂浮汽水冰淇淋
fishnet_socks,鱼网短袜
purple_collar,紫色衣领
flower_choker,花环颈饰
elbow_sleeve,肘部袖饰
masu,日式木枡
holding_heart,手捧爱心
kousaka_kirino's_school_uniform,高坂桐乃校服（《我的妹妹哪有这么可爱！》）
cut_bangs,剪裁刘海
hook,钩状物
tamagoyaki,玉子烧
portal_(object),传送门
pocky_in_mouth,叼百奇
grey_apron,灰色围裙
raccoon,浣熊
2008,2008
jiangshi_costume,僵尸cosplay
cigarette_pack,烟盒
cellphone_charm,手机挂饰
tribal_tattoo,部落图腾纹身
easter,复活节
mizu_happi,水法被祭典服
rubber_gloves,橡胶手套
red_cardigan,红色开襟毛衣
holding_coin,捏硬币
crazy_straw,扭曲吸管
mole_under_each_eye,双下眼痣
simulated_fellatio,模拟口交动作
holding_microphone_stand,扶麦架
clock_eyes,钟表瞳孔
reptile_girl,爬行类娘
holding_chain,锁链持握
restroom,公共厕所
beretta_92,伯莱塔92手枪
wrong_foot,踏错脚
protecting,保护动作
stuffed_penguin,企鹅玩偶
converse,匡威鞋
thong_aside,丁字裤侧拉露阴
gesugao,下克上颜
black_male_swimwear,男士黑泳装
index_fingers_raised,双手竖食指
qingxin_flower,清心（原神）
censored_text,文字屏蔽
hair_between_breasts,垂落胸间的发丝
pelvic_curtain_lift,撩起旗袍下摆
toilet_stall,厕所隔间
alternate_hair_ornament,发饰变体
jungle,丛林场景
food_bite,咬食瞬间
unworn_necktie,未系的领带
mutual_hug,双向拥抱
2007,2007
lying_on_lap,横卧膝上
multiple_torii,连续鸟居
brown_neckerchief,棕方巾领结
hand_on_floor,撑地手掌
red_suit,红色西装
red_robe,红色法袍
wing_brooch,羽翼胸针
diagonal-striped_bowtie,斜纹领结
licking_ear,舔耳
miku_day,初音未来纪念日
holding_drumsticks,握鼓棒
flower_in_mouth,衔花
dorsiflexion,足背屈曲
aqua_kimono,水色和服
hexagon_hair_ornament,六角发饰
vertical-striped_kimono,竖条纹和服
stitched_arm,缝合手臂
pink_sash,粉色饰带
cuff_links,袖扣
checkered_dress,棋盘格连衣裙
ornate_border,繁复边框
animal_ear_hairband,兽耳发箍
pastry_bag,裱花袋
nyan,喵星人语
measuring,测量动作
standard_bearer,旗手
folder,文件夹道具
roasted_sweet_potato,烤红薯
<|>_<|>,<|>_<|>
grey_bowtie,灰色领结
flying_teardrops,泪珠飘散
soft_serve,软冰淇淋
clothed_male_nude_male,衣男裸男
temple,寺庙场景
4others,4个非人类
toe_cleavage,足趾间隙
antique_phone,复古电话
yellow_camisole,黄色吊带背心
penis_over_eyes,肉棒遮挡视线
bamboo_shoot,竹笋
solid_circle_pupils,实心圆瞳孔
prank,恶作剧
loaded_interior,加载内饰
cat_mask,cat_mask
penis_to_breast,肉棒触碰乳房
mannequin,服装人台
pink_gemstone,粉色宝石
crotch_zipper,裆部拉链
shippou_(pattern),七宝纹样
blob,色块模糊
medieval,中世纪风格
shirt_overhang,衬衫下摆垂坠
anemone_(flower),海葵花卉
incoming_hug,迎面飞扑拥抱
igote,伊达袖
projectile_lactation,喷射乳汁
carapace,甲壳结构
spoken_food,食物拟声气泡
stuffed_dog,狗狗玩偶
animal_on_hand,掌中动物
holding_shirt,拎衬衫
unworn_shorts,未穿的短裤
prison,监狱场景
curly_eyebrows,卷曲眉毛
riding_bicycle,骑自行车
star-shaped_eyewear,星形眼镜
white_stripes,白色条纹
clothes_pin,晾衣夹
cauldron,炼金锅
holed_coin,穿孔硬币
cat_on_shoulder,肩上的猫
storm,暴风雨
self-harm,自残行为
finger_to_another's_mouth,指触他唇
sky_print,天空印花
orange_headband,橙色头带
scouter,战斗力探测器（龙珠）
sainan_high_school_uniform,赛南高校制服
intestines,内脏露出
ashtray,烟灰缸道具
brown_flower,棕调花朵
handprint,手印痕迹
holding_cake,托蛋糕盘
heart_(organ),心脏器官
shimokitazawa_high_school_uniform,下北泽高校制服
hands_on_another's_chest,推压他人胸部
carrying_bag,carrying_bag
removing_jacket,脱外套动作
frilled_umbrella,花边阳伞
nail_bat,钉棒武器
scratching_head,挠头动作
chuunibyou,中二病
green_horns,绿色犄角
glitter,亮片
holding_suitcase,拎行李箱
beer_bottle,啤酒瓶
green_headband,绿头带
micro_bra,微型胸罩
ace_of_spades,黑桃A
bipod,两脚支架
no_feet,无足造型
motosu_school_uniform,水之濑高校制服
horn_grab,抓角动作
golden_arms,黄金手臂
crisis_management_form_(machimazo),危机管理形态（町魔造）
shamoji,饭勺
walther,瓦尔特手枪
brown_serafuku,棕系水手服
math,数学符号
red_nose,红鼻子
holding_leg,抱腿姿势
animal_head,兽首元素
black_scales,黑色鳞片
covered_clitoris,遮挡阴蒂
bulging_eyes,圆睁凸眼
dream_soul,灵体化
gold_coin,金币
panda_hood,熊猫连帽衫
elevator,电梯场景
taut_swimsuit,紧身泳装
deer_tail,鹿尾装饰
purple_butterfly,紫蝴蝶
lolidom,萝莉控
aqua_leotard,水色连体衣
bathhouse,大浴场
laundry_basket,脏衣篓
broccoli,西兰花
little_red_riding_hood_(grimm)_(cosplay),小红帽（格林版）cosplay
fur_cuffs,毛皮袖口
broken_armor,残破盔甲
through_screen,隔屏互动
glowing_hand,发光手掌
panties_under_shorts,短裤内穿内裤
weasel_girl,鼬娘
brown_lips,棕调唇色
arm_around_back,背后单手环抱
hand_on_table,按桌动作
white_sky,白茫茫天空
dilation_tape,扩张胶带
arm_on_knee,搭膝动作
maple_leaf_print,枫叶印花美甲
kanba_girls_high_school_uniform,神庭女学院制服
cabbage,卷心菜
listening_to_music,听音乐
power_connection,电力连接
lifebuoy_ornament,救生圈装饰
exploding_clothes,爆衣效果
right-over-left_kimono,右襟左叠（殡葬穿法）
holding_creature,抱奇幻生物
floating_rock,浮空岩
stiletto_(weapon),短剑（武器类）
window_(computing),视窗界面
clawed_gauntlets,爪形臂铠
canned_coffee,罐装咖啡
dogeza,土下座
glass_shards,玻璃碎片
camisole_lift,掀起的背心
frilled_headwear,褶边头饰
cable_tail,线缆尾饰
chess,国际象棋
red_male_underwear,男士红色内裤
exposed_pocket,外露衣袋
combat_knife,战术匕首
two-sided_coat,双面大衣
materia,魔晶石（最终幻想）
firelock,燧发枪
village,村庄
dotted_background,点状背景
eel,鳗鱼
paizuri_invitation,乳交邀约姿势
safety_glasses,安全护目镜
holding_fish,抓鱼动作
front_slit,前开衩
multitasking,多线程操作
flippers,蛙鞋
honda,本田（品牌元素）
leopard_girl,豹娘
wing_ears,羽翼状耳饰
smartphone_case,手机保护壳
kariyushi_shirt,琉球花衬衫
knives_between_fingers,刀战游戏
broken_sword,断剑
policeman,男警形象
spade_hair_ornament,黑桃发饰
white_halo,白色光环
male_underwear_peek,男式内裤边缘
hand_focus,手部特写
fitting_room,试衣间场景
carton,纸板箱
cash_register,收银机
unworn_jewelry,未佩戴的首饰
hanging_light,吊灯光源
leotard_peek,连体衣缝隙
makeup_brush,化妆刷具
caliburn_(fate),石中剑（Fate/圣剑）
fried_chicken,炸鸡
weasel_tail,鼬尾
blue_suit,蓝色西装
cross-laced_top,交叉绑带上衣
koishi_day,古明地恋日（东方Project）
table_humping,桌角摩擦
whiteboard,白板
holding_photo,持相片
vehicle_and_personification,载具拟人化
bolt,螺栓
compass,罗盘
youkai_(youkai_watch),妖怪（妖怪手表角色）
2b_(nier:automata)_(cosplay),2b（尼尔：自动人形）（cosplay）
hunched_over,佝偻姿势
holding_pole,扶立柱
jacket_lift,掀外套动作
fish_bone,鱼骨装饰
drowning,溺水场景
holding_shovel,执铁锹
marriage_proposal,求婚场景
backless_swimsuit,露背泳装
gag_harness,堵嘴背带
tickling_armpits,腋下挠痒
chili_pepper,辣椒
trash,垃圾堆
rust,锈迹
low-cut_armhole,低开袖窿
propeller_hair_ornament,螺旋桨发饰
merman,男性人鱼
runny_nose,流鼻涕
sprinkles,糖粒装饰
fake_magazine_cover,伪杂志封面
against_fourth_wall,第四面墙互动
wide_oval_eyes,椭圆大眼
holding_cross,持十字架
sexual_coaching,性爱指导
craft_essence_(fate),概念礼装（Fate）
otter_tail,水獭尾巴
interior,室内设计
gumroad_username,Gumroad用户名标注
lime_(fruit),酸橙
amestris_military_uniform,亚美斯军装（钢炼）
cobblestone,鹅卵石地面
cupboard,碗柜
canteen,食堂场景
taut_leotard,紧身连体衣
cork,软木塞
phoenix,凤凰
o-ring_swimsuit,O环泳衣
dorsal_fin,背鳍特征
flying_fish,飞鱼
wind_turbine,风力发电机
pom_pom_earrings,绒球耳饰
checkered_bow,棋盘格蝴蝶结
multiple_hairpins,多头饰发夹
record,唱片
light_brown_background,浅棕背景
lance_of_longinus_(evangelion),朗基努斯之枪（《新世纪福音战士》）
studded_choker,铆钉颈圈
red_bandeau,红色抹胸
croissant,可颂面包
jolly_roger,骷髅海盗旗
red_trim,红色滚边
mechanic,机械师装束
covering_another's_mouth,捂他人嘴
single_garter_strap,单边吊袜带
lane_line,车道分隔线
brain,大脑
humping,穿衣摩擦
fruit_hat_ornament,水果帽饰
ski_goggles,滑雪护目镜
starfish_hair_ornament,海星发饰
holding_briefcase,公文包持握
brown_sash,棕纹宽腰带
orca,虎鲸元素
urinal,小便池设施
van,厢式货车
layered_kimono,振袖叠加穿法
o-ring_belt,O型环腰带
striped_vest,条纹马甲
like_and_retweet,喜欢和转发
green_cardigan,绿色开襟衫
aqua_hairband,水色发带
square,正方形
entangled,肢体交缠
billboard,广告牌
yellow_gemstone,黄宝石
plate_carrier,战术背心
surfing,冲浪运动
police_car,警车载具
crystal_wings,水晶羽翼
limiter_(tsukumo_sana),限制器（tsukumo_sana）
fern,蕨类植物
bear_hood,熊头兜帽
war_hammer,战锤
coffee_pot,咖啡壶
holding_bra,拎文胸
sauce,酱汁
throat_microphone,喉麦
detached_leggings,分体打底裤
shopping_cart,购物车
half-erect,半勃起状态
ticket,票据
paw_print_pattern,爪印纹样
invisible,透明化
congratulations,祝贺语
star_wand,星形魔杖
object_head,物体头部
yumi_(bow),和弓
m16,M16
on_scooter,踏板车场景
kanshou_&_bakuya_(fate),干将·莫邪（Fate系列卫宫士郎宝具）
chocolate_making,巧克力制作
wet_skirt,湿裙子
body_switch,身体互换
multicolored_tail,渐变尾巴
holding_another's_foot,握脚踝
walker_(robot),步行机器人
gradient_wings,渐变翅膀
rabbit_on_head,头顶兔子
giant_male,男性巨人
meteor_shower,流星雨场景
kissing_neck,颈侧亲吻
raspberry,树莓
holding_scroll,执卷轴
twintails_day,双马尾纪念日
rhine_lab_logo,莱茵生命标志（明日方舟）
pink_tank_top,粉色背心
kadomatsu,门松
microwave,微波炉道具
yellow_one-piece_swimsuit,黄色连体泳衣
white_bandeau,白色抹胸
paint_can,油漆桶
musket,老式火枪
monk,僧侣装束
shield_on_back,背盾
facing_up,仰面姿态
black_tube_top,黑色抹胸上衣
white_pubic_hair,白色阴毛
scoop_neck,大圆领
female_goblin,女哥布林
graduation,毕业主题
covering_another's_eyes,遮他人眼
accident,意外事故
handshake,握手动作
torn_wings,残破翅膀
kono_lolicon_domome,"这萝莉控没救了"（网络梗）
weights,杠铃片
temari_ball,手鞠球
red_wine,红葡萄酒
yellow_pantyhose,黄色连裤袜
super_saiyan_4,超赛第四阶
wafer_stick,威化卷
condensation,冷凝水珠
fading,褪色效果
surrounded,被包围状态
bandaged_fingers,绷带手指
ahoge_wag,呆毛晃动
bindi,眉心贴
black_hood,连帽式黑兜帽
hand_on_ground,撑地动作
container,容器道具
glansjob,龟头侍奉
black_veil,黑色面纱
child_carry,怀抱儿童
ak-47,AK-47步枪
head_on_head,叠头动作
pitcher_(container),带柄水罐
coin_purse,零钱包
leaf_background,叶丛背景
transparent_censoring,透明化遮挡
hakama_shorts,袴式短裤
moose_ears,驼鹿耳
josou_seme,女装攻属性
stuffed_panda,熊猫布偶
police_badge,警徽
translucent,半透明材质
fishnet_bodysuit,鱼网紧身衣
cutting,切割动作
pointy_hat,尖顶帽
fur_jacket,毛皮夹克
dollar_sign,美元符号
curled_up,蜷缩姿势
bandaid_on_neck,颈部创可贴
railroad_crossing,铁道口
black_vs_white,黑色与白色
circle_formation,环形阵列
holding_surfboard,扛冲浪板
hat_belt,帽带
team_skull,骷髅队（宝可梦）
overall_skirt,工装裙
bc_freedom_school_uniform,BC自由校服
arm_over_head,举臂过顶
red_star,红星
sweater_pull,拉扯毛衣
holding_map,持地图
haneoka_school_uniform,羽之丘学园制服
disguise,伪装形态
scalpel,手术刀
holographic_monitor,全息显示屏
knife_sheath,短刀鞘
rotary_phone,转盘电话
whip_sword,鞭剑
grabbing_another's_ear,揪耳
wanted,通缉令
pawn_(chess),棋子（国际象棋）
print_swimsuit,印花泳衣
popsicle_stick,冰棒棍
face_in_pillow,枕面压痕
karate_gi,空手道服
unworn_goggles,未戴的护目镜
after_bathing,沐浴后
anti-aircraft,防空炮台
country_connection,国家关联
starlight_academy_school_uniform,星光学院校服
weapon_bag,武器收纳包
flailing,慌乱挥舞
sky_lantern,天灯
chessboard,棋盘
frontless_outfit,露前装
armored_leotard,铠装紧身衣
travel_attendant,旅行随从
shoulder_plates,肩部装甲板
ribbed_thighhighs,罗纹过膝袜
band,束带
forked_tail,分叉尾
lightning_bolt_hair_ornament,闪电发饰
undone_neck_ribbon,松散颈带
shoulder_guard,护肩甲
hedgehog_tail,刺猬尾
digital_clock,电子时钟
lop_rabbit_ears,垂耳兔耳
closet,衣橱
cassock,教士袍
metamoran_vest,美达摩星人背心
normal_suit,标准西装
checkered_legwear,格子袜
sparse_chest_hair,稀疏胸毛
see-through_swimsuit,透视泳装
saury,秋刀鱼
chakram,环刃
orange_bra,橙色文胸
pink_horns,粉色犄角
meadow,自然草地场景
remembering,回忆闪回
saint_quartz_(fate),圣晶石（Fate系列）
vertical_foregrip,垂直前握把（枪械）
calligraphy,书法
scratching_cheek,挠脸颊动作
layered_shirt,多层衬衫
emoticon,颜文字
bird_on_arm,臂栖飞鸟
pokemon_ears,宝可梦耳
paint_on_clothes,衣物彩绘
scar_on_hand,手部伤疤
blue_outline,蓝色轮廓
green_feathers,绿色羽毛
unworn_bikini,未穿着的比基尼
pink_sports_bra,粉色运动内衣
tape_on_nipples,乳贴胶带
casting_spell,施法咒语
adjusting_buruma,调整运动短裤
rice_paddy,稻田场景
noses_touching,鼻尖相触
side-tie_shirt,侧系带衬衫
green_rose,绿玫瑰
torn_coat,破损外套
beach_mat,沙滩垫
baton_(weapon),警棍武器
ai_ai_gasa,合撑纸伞
rash_guard,防晒泳衣
poke_ball_(legends),传说精灵球
ankle_bow,脚踝蝴蝶结
covering_own_ears,自捂耳
bridle,马笼头
mtu_virus,病毒
bird_boy,鸟翼少年
butterfly_tattoo,蝶形纹身
bandaid_on_head,头部创可贴
fur-trimmed_bikini,毛边比基尼
implied_extra_ears,隐形兽耳
hat_tassel,帽穗装饰
crosshatching,排线阴影
hand_over_face,掩面姿势
coconut_tree,椰树
argyle_cutout,菱形纹镂空
cross-laced_skirt,交叉束腰半身裙
fruit_on_head,头饰水果
fruit_cup,水果拼盘
height,身高数据
starry_hair,星光发丝
sparkle_hair_ornament,闪亮发饰
too_literal,图文直球
suspenders_slip,背带滑脱
cow_costume,奶牛装
fried_rice,炒饭
drum_magazine,鼓弹匣
anti-aircraft_gun,防空机枪
pregnancy_test,验孕棒
penis_shadow,肉棒阴影
blood_on_ground,地面血泊
multicolored_leotard,多彩紧身衣
white_garter_belt,白色吊袜腰带
holding_toothbrush,握牙刷
toga,托加长袍
red_carpet,红毯
holding_lipstick_tube,拿口红
multi-strapped_bikini_top,多绑带比基尼上装
mg42,mg43
pushing_away,推拒姿势
spoken_expression,表情符号对话框
ainu,阿伊努族
holding_with_tail,尾巴卷物
white_wristband,白色腕带
long_ribbon,长丝带
shogi,将棋盘
green_fire,绿色火焰
facing_down,俯面姿态
senbei,米饼零食
dawn,黎明场景
purple_robe,紫色长袍
turtleneck_jacket,高领夹克
bacon,培根肉片
washing_hair,洗发中
dark_clouds,乌云密布
shared_earphones,分戴耳机
banana_peel,香蕉皮
mole_on_arm,手臂痣
holding_mirror,持镜自照
two-sided_cloak,正反双色斗篷
refraction,折射效果
corsage,胸花
black_outline,黑色轮廓
anchor_earrings,船锚耳钉
wrapped_candy,包装糖果
gingham,方格布
sweet_lolita,甜系洛丽塔风格
asymmetrical_sidelocks,不对称鬓发
side-tie_skirt,侧系带裙
green_collar,绿色衣领
sweater_tucked_in,毛衣下摆扎入
bc_freedom_(emblem),BC自由徽章
square_neckline,方型领口
holding_key,捏钥匙
baking,烘焙场景
on_stool,坐凳姿势
oar,船桨道具
nipple_jewelry,乳饰珠宝
holding_torch,举火把
holding_plectrum,拿拨片
jug_(bottle),陶罐容器
white_tube_top,白色抹胸上衣
unworn_hair_ornament,未佩戴的发饰
holding_magnifying_glass,执放大镜
single_off_shoulder,单肩露肩装
meandros,回纹图案
stained_sheets,染渍床单
arm_across_waist,揽腰环抱动作
torn_cloak,破旧斗篷
heart_hair,爱心状发型
audio_jack,音频接口
oven,烤箱
kittysuit,猫咪紧身衣
soy_sauce,酱油
shirt_around_waist,衬衫系腰间
;(,;(
arthropod_boy,虫肢少年
hieroglyphics,象形文字
rural,乡村背景
piano_keys,琴键特写
sailor_swimsuit_(idolmaster),水手风泳装（偶像大师）
market_stall,市集摊位
detached_ahoge,呆毛分离
fusuma,日式隔扇
package,包裹
feet_on_chair,足蹬椅面
singlet,无袖训练衫
large_ears,大耳朵（兽人特征）
sailor_collar_lift,水手领翻起
aviator_cap,飞行帽
aqua_shorts,水色短裤
monkey_boy,猴系少年
race_bib,赛事号码布
ambiguous_red_liquid,可疑红色液体
sewing_needle,缝衣针
holding_newspaper,拿报纸
female_service_cap,女士军帽
covering_with_blanket,毯子遮盖
moth_girl,飞蛾娘
rag,破布
ankleband,踝部绑带
shampoo_bottle,洗发水瓶
black_babydoll,黑纱睡裙
tucked_penis,肉棒塞到大腿后面
multiple_bracelets,叠戴手镯
kin-iro_mosaic_high_school_uniform,金色马赛克高中制服（《黄金拼图》）
holding_bell,摇铃动作
blue_male_underwear,蓝色男士内裤
side_cape,单肩披风
hand_grip,握柄动作
inset_border,嵌套边框
glove_bow,手套蝴蝶结
green_serafuku,绿色水手服
claw_foot_bathtub,爪足浴缸
unworn_thighhighs,未穿的过膝袜
rooster,公鸡
poi,火舞流星球
ribbed_socks,罗纹短袜
dress_shoes,正装皮鞋
vertical-striped_shorts,竖条纹短裤
blue_sweater_vest,蓝色毛衣背心
polearm_behind_back,背负长兵器
fur-trimmed_thighhighs,毛皮过膝袜
streetwear,潮牌街头风
